Date,Website,Title,URL
2025-12-25T05:28:03Z,The New York Times,North Korea Unveils the Completed Hull of What It Calls a Nuclear Submarine,https://www.nytimes.com/2025/12/25/world/asia/north-korea-nuclear-submarine.html
2025-12-25T03:22:00Z,CNN,North Korea reveals new images of its first 'nuclear-powered' submarine,https://www.cnn.com/2025/12/24/asia/north-korea-nuclear-powered-submarine-intl-hnk-ml
2025-12-25T09:36:40Z,Sky News,North Korea touts progress on nuclear-powered submarine,https://news.sky.com/story/north-korea-touts-progress-on-nuclear-powered-submarine-13487313
2025-12-25T02:33:00Z,Reuters,"North Korea's Kim Jong Un views submarine construction, oversees missile launch, KCNA says",https://www.reuters.com/world/asia-pacific/north-koreas-kim-jong-un-oversees-test-firing-long-range-missile-building-2025-12-24/
2025-12-25T02:36:00Z,AP News,Photos of Christmas celebrations around the world,https://apnews.com/photo-gallery/christmas-photo-gallery-global-08acf32426539d963d9f2b780639bf91
2025-12-25T04:23:56Z,BBC,Waterskiing Santas and giant cuts of meat: Christmas around the world,https://www.bbc.com/news/articles/ce8nep787pyo
2025-12-24T21:01:00Z,CBS News,Photos of ways Christmas is celebrated all around the world,https://www.cbsnews.com/news/photos-christmas-world-celebrations-2025/
2025-12-25T08:26:52Z,Sky News,Christmas latest | Celebrations under way in UK - as King and Royal Family prepare for Sandringham service,https://news.sky.com/story/christmas-latest-celebrations-under-way-in-uk-as-king-and-royal-family-prepare-for-sandringham-service-13456487
2025-12-25T00:01:00Z,Reuters,"Blast hits mosque during evening prayers in Nigeria's Maiduguri, witness says",https://www.reuters.com/world/blast-hits-mosque-during-evening-prayers-nigerias-maiduguri-witness-2025-12-24/
2025-12-25T00:19:53Z,BBC,Five killed in explosion in packed Nigerian mosque,https://www.bbc.com/news/articles/c0je3v3en01o
2025-12-25T09:44:49Z,CBS News,"Blast at Nigeria mosque kills 5, injures 35 in apparent suicide attack",https://www.cbsnews.com/news/nigeria-mosque-explosion-kills-5-injures-more-apparent-suicide-attack/
2025-12-25T02:16:46Z,DW,Nigeria: Explosion rocks Borno mosque during evening prayers,https://www.dw.com/en/nigeria-explosion-rocks-borno-mosque-during-evening-prayers/a-75297926
2025-12-24T23:30:01Z,KSL.com,"Pope Leo, on Christmas Eve, says denying help to poor is rejecting God",https://www.ksl.com/article/51423494/pope-leo-on-christmas-eve-says-denying-help-to-poor-is-rejecting-god
2025-12-24T22:18:00Z,The Guardian,Pope Leo calls for kindness to strangers and the poor in Christmas message,https://www.theguardian.com/world/2025/dec/24/pope-leo-christmas-message-kindness-strangers-poor
2025-12-25T09:48:17Z,Vatican News,"Pope Leo: Since the Word was made flesh, humanity speaks",https://www.vaticannews.va/en/pope/news/2025-12/pope-leo-since-the-word-was-made-flesh-humanity-speaks.html
2025-12-25T07:42:47Z,The New York Times,Pope Leo Surprises St. Peter's Crowd Before Christmas Eve Mass,https://www.nytimes.com/2025/12/25/us/pope-leo-surprises-st-peters-crowd-before-christmas-eve-mass.html
2025-12-24T14:45:00Z,CBS News,"Thousands attend Christmas tree lighting ceremony in Bethlehem, the first since war in Gaza began",https://www.cbsnews.com/news/bethlehem-christmas-tree-lighting-ceremony/
2025-12-25T09:23:21Z,Al Jazeera,'No true sense of celebration' as Israeli bombs drown out Christmas in Gaza,https://www.aljazeera.com/news/liveblog/2025/12/25/live-sound-of-israels-bombs-drone-hums-drown-out-christmas-in-gaza
2025-12-24T23:40:39Z,PBS,Palestinians mark Christmas in Bethlehem while navigating life during conflict,https://www.pbs.org/newshour/show/palestinians-mark-christmas-in-bethlehem-while-navigating-life-during-conflict
2025-12-24T17:00:00Z,The Washington Post,"Gaza's Christians, battered by war, celebrate first Christmas in 3 years",https://www.washingtonpost.com/world/2025/12/24/gaza-christians-celebrate-christmas/
2025-12-25T08:53:00Z,AP News,Saudi Arabia calls on Yemen separatists to leave 2 governorates as anti-Houthi coalition strains,https://apnews.com/article/yemen-separatists-houthis-war-saudi-arabia-uae-2e25b990a91b5eae67a47ded687d1d65
2025-12-25T08:27:41Z,Al Jazeera,Saudi Arabia demands Yemeni separatists leave seized governorates,https://www.aljazeera.com/news/2025/12/25/saudi-arabia-demands-yemeni-separatists-leave-seized-governorates
2025-12-23T02:39:26Z,The Washington Institute,Yemen's Seismic Shift Has Consequences Beyond Its Borders,https://www.washingtoninstitute.org/policy-analysis/yemens-seismic-shift-has-consequences-beyond-its-borders
2025-12-25T05:58:00Z,Reuters,Saudi Arabia says Yemen group should withdraw its forces from seized provinces,https://www.reuters.com/world/middle-east/saudi-arabia-says-yemen-group-should-withdraw-its-forces-seized-provinces-2025-12-25/
2025-12-24T12:35:48Z,Financial Times,Libyan army chief killed in Turkey plane crash,https://www.ft.com/content/17de40a6-3f0d-424b-8c40-e61364840eca
2025-12-24T14:13:26Z,The Washington Post,"Libya's military chief, other officials among 8 dead in Turkey plane crash",https://www.washingtonpost.com/world/2025/12/24/libya-army-chief-plane-crash-ankara-turkey/
2025-12-24T12:45:51Z,Al Jazeera,Libyan army chief killed in plane crash: What we know so far,https://www.aljazeera.com/news/2025/12/24/libyan-army-chief-killed-in-plane-crash-what-we-know-so-far
2025-12-23T19:48:45Z,ABC News,"Contact is lost with a private jet heading for Libya after takeoff from Turkey, official says",https://abcnews.go.com/International/wireStory/contact-lost-private-jet-heading-libya-after-takeoff-128658502
2025-12-24T21:39:58Z,The New York Times,Australian State Passes 'Extraordinary' Gun and Protest Laws After Bondi Attack,https://www.nytimes.com/2025/12/24/world/australia/nsw-gun-protest-laws.html
2025-12-25T04:07:33Z,Australian Broadcasting Corporation,Public assemblies banned for 14 days across Sydney as police enact new laws,https://www.abc.net.au/news/2025-12-25/public-assemblies-banned-14-days-in-sydney-under-new-protest-law/106178406
2025-12-23T07:23:00Z,The Guardian,"What does 'globalise the intifada' mean, and why does NSW want to ban the chant?",https://www.theguardian.com/australia-news/2025/dec/23/globalise-the-intifada-meaning-translation-palestinian-protest-chant-ban-nsw
2025-12-24T07:48:00Z,Reuters,"Australian state passes tougher gun, protest law after Bondi Beach shooting",https://www.reuters.com/world/asia-pacific/australian-state-passes-tougher-gun-anti-terror-laws-after-bondi-beach-shooting-2025-12-23/
2025-12-24T01:17:04Z,ABC News,"Iran and US reaffirm commitment to diplomacy at UN, but gap on a nuclear deal remains wide",https://abcnews.go.com/US/wireStory/iran-us-reaffirm-commitment-diplomacy-gap-nuclear-deal-128666369
2025-12-23T19:09:40Z,UN News,"Security Council remains divided over Iran nuclear programme, sanctions stay in place",https://news.un.org/en/story/2025/12/1166660
2025-12-23T22:02:20Z,Reuters,"US, Iran spar over nuclear talks at UN",https://www.reuters.com/world/middle-east/us-iran-spar-over-nuclear-talks-un-2025-12-23/
2025-12-24T18:40:48Z,Tehran Times,UNSC session shows West failed in snapback gamble,https://www.tehrantimes.com/news/522080/UNSC-session-shows-West-failed-in-snapback-gamble
2025-12-24T18:31:22Z,Reuters,Thai and Cambodia militaries hold talks on resuming ceasefire,https://www.reuters.com/world/china/thai-cambodia-militaries-hold-talks-resuming-ceasefire-2025-12-24/
2025-12-24T12:55:00Z,The Guardian,Thailand and Cambodia begin talks to end deadly clashes after venue row,https://www.theguardian.com/world/2025/dec/24/thailand-and-cambodia-begin-talks-to-end-deadly-clashes-after-venue-row
2025-12-22T09:17:55Z,BBC,"Thailand, Cambodia agree to talks in bid to end deadly conflict - minister",https://www.bbc.com/news/articles/c5ydej888n9o
2025-12-24T13:31:05Z,Al Jazeera,"New clashes as Cambodia, Thailand hold first talks to end latest violence",https://www.aljazeera.com/news/2025/12/24/new-clashes-as-cambodia-thailand-hold-first-talks-to-end-latest-violence
2025-12-24T08:31:15Z,CBS News,3 die in explosion in area of Moscow where car bomb killed a general Monday,https://www.cbsnews.com/news/moscow-explosion-3-die-near-where-car-bomb-killed-general/
2025-12-24T10:28:06Z,The New York Times,Blast Kills Three in Moscow Near Site of General's Car Bombing,https://www.nytimes.com/2025/12/24/world/europe/moscow-bomb-blast-police-officers.html
2025-12-24T06:16:00Z,The Guardian,"Three killed in Moscow car explosion, say Russian authorities",https://www.theguardian.com/world/2025/dec/24/three-killed-in-moscow-car-explosion-say-russian-authorities
2025-12-24T09:28:25Z,CNN,"Bomb blast in Moscow kills two police officers, days after apparent assassination of general",https://www.cnn.com/2025/12/24/europe/moscow-bomb-police-officers-intl
2025-12-24T16:51:00Z,The Kyiv Independent,"'May he perish,' - Zelensky voices Ukrainians' wish in his Christmas Eve address",https://kyivindependent.com/may-he-perish-zelensky-voices-ukrainians-wish-in-his-christmas-eve-address/
2025-12-24T22:05:00Z,The Times,Zelensky appears to wish for Putin's death in Christmas Eve speech,https://www.thetimes.com/world/russia-ukraine-war/article/zelensky-hints-at-demilitarised-zones-in-latest-peace-proposal-r9wxz855t
2025-12-25T08:22:00Z,The Telegraph,Zelensky 'wishes for Putin to die' during Christmas address,https://www.telegraph.co.uk/world-news/2025/12/25/zelensky-wishes-putin-die-ukraine-christmas-address/
2025-12-24T16:42:00Z,Ukrinform,Zelensky's Christmas message to Ukrainians: Russia can't occupy our unity,https://www.ukrinform.net/rubric-society/4073173-zelenskys-christmas-message-to-ukrainians-russia-cant-occupy-our-unity.html
2025-12-25T02:08:00Z,CNN,Israel's approval of new West Bank settlements condemned by 13 European countries and Japan,https://www.cnn.com/2025/12/24/middleeast/israel-palestinians-west-bank-hnk-intl
2025-12-24T19:03:00Z,The Guardian,"UK, Canada and Germany condemn Israel for 19 new West Bank settlements",https://www.theguardian.com/world/2025/dec/24/israel-condemned-approval-19-settlements-occupied-west-bank
2025-12-24T22:05:39Z,Reuters,"UK, Canada, Germany and others condemn Israel's West Bank settlement plan",https://www.reuters.com/world/americas/uk-canada-germany-others-condemn-israels-west-bank-settlement-plan-2025-12-24/
2025-12-25T03:23:51Z,Al Jazeera,"European nations, Canada decry Israel's new, illegal West Bank settlements",https://www.aljazeera.com/news/2025/12/25/european-nations-canada-decry-israels-new-illegal-west-bank-settlements
2025-12-24T15:08:00Z,The Guardian,Israel strikes southern Lebanon as deadline to disarm Hezbollah nears,https://www.theguardian.com/world/2025/dec/24/israel-strikes-southern-lebanon-as-deadline-to-disarm-hezbollah-nears
2025-12-25T06:58:00Z,ABC News,Israel-Gaza live updates: IDF reports 2 new strikes in Lebanon,https://abcnews.go.com/International/live-updates/israel-gaza-live-updates-idf-strike-kills-1/?id=128612306
2025-12-23T15:15:30Z,Reuters,Lebanon denies any army link to Hezbollah after Israeli strike,https://www.reuters.com/business/aerospace-defense/lebanon-denies-any-army-link-hezbollah-after-israeli-strike-2025-12-23/
2025-12-22T15:49:07Z,Al Jazeera,At least three killed in Israeli attack on southern Lebanon's Sidon,https://www.aljazeera.com/news/2025/12/22/at-least-three-killed-in-israeli-attack-on-southern-lebanons-sidon
2025-12-23T15:58:23Z,CNN,"'Massive' Russian attack on Ukraine kills 4-year-old child, as Zelensky is briefed on peace talks",https://www.cnn.com/2025/12/23/europe/russian-attack-zelensky-ukraine-talks-intl
2025-12-24T05:26:06Z,Institute for the Study of War,"Russian Offensive Campaign Assessment, December 23, 2025",https://understandingwar.org/research/russia-ukraine/russian-offensive-campaign-assessment-december-23-2025/
2025-12-25T08:15:00Z,ABC News,Ukraine reports deadly Russian drone strikes into Christmas morning,https://abcnews.go.com/International/ukraine-reports-deadly-russian-drone-strikes-christmas-morning/story?id=128690492
2025-12-23T18:38:44Z,Al Jazeera,Russia-Ukraine war updates: Darkness in Ukraine after latest Russian attack,https://www.aljazeera.com/news/liveblog/2025/12/23/russia-ukraine-war-live-2
2025-12-24T21:25:18Z,ABC News,Princess Charlotte joins Princess Kate for royal duet in carol special,https://abcnews.go.com/GMA/Culture/princess-charlotte-joins-princess-kate-royal-duet-carol/story?id=128683821
2025-12-24T21:23:23Z,CNN,"Catherine, Princess of Wales, and Princess Charlotte perform piano duet for Christmas carol service",https://www.cnn.com/2025/12/24/uk/princess-wales-charlotte-christmas-piano-duet-intl-latam
2025-12-25T07:04:47Z,BBC,Catherine and Charlotte perform piano duet for Christmas carol concert,https://www.bbc.com/news/articles/c2ep0pz8emjo
2025-12-24T20:27:54Z,People.com,Kate Middleton and Princess Charlotte Play a Surprise 'Special Duet' at Her Annual Christmas Carol Service,https://people.com/kate-middleton-princess-charlotte-play-special-duet-together-at-christmas-carol-service-11875808
2025-12-24T16:49:29Z,France 24,"Algerian parliament brands French colonisation a crime, demands apology and reparations",https://www.france24.com/en/africa/20251224-algerian-parliament-brands-french-colonisation-state-crime-demands-apology-reparations
2025-12-24T17:37:07Z,BBC,Algeria's parliament approves law declaring France's colonisation a crime,https://www.bbc.com/news/articles/c14vdpyj1vjo
2025-12-24T17:49:50Z,Al Jazeera,Algeria declares France's colonial rule a crime in new law,https://www.aljazeera.com/news/2025/12/24/algeria-declares-frances-colonial-rule-a-crime-in-new-law
2025-12-24T14:57:00Z,The Guardian,Algeria passes law declaring French colonisation a crime,https://www.theguardian.com/world/2025/dec/24/algeria-passes-law-declaring-french-colonisation-crime
2025-12-24T21:03:35Z,Financial Times,Democratic senators urge Trump to halt mass recall of ambassadors,https://www.ft.com/content/ffe6a612-dc55-4643-8d0a-04e5f805a812
2025-12-23T03:40:21Z,The New York Times,Trump Administration Orders Nearly 30 U.S. Ambassadors to Leave Their Posts,https://www.nytimes.com/2025/12/22/us/politics/trump-administration-ambassadors-posts.html
2025-12-23T06:32:00Z,The Washington Post,Trump administration abruptly recalls over two dozen career ambassadors,https://www.washingtonpost.com/national-security/2025/12/22/trump-ambassadors-recalled/
2025-12-24T06:01:00Z,Reuters,Trump's recall of ambassadors compounds staffing problems at posts in Africa,https://www.reuters.com/world/africa/trumps-recall-ambassadors-compounds-staffing-problems-posts-africa-2025-12-24/
2025-12-24T22:16:46Z,CNN,Iran refuses inspection of nuclear sites until IAEA provides new guidelines after bombing,https://www.cnn.com/2025/12/24/middleeast/iran-refuses-iaea-inspection-of-nuclear-sites-intl-latam
2025-12-24T15:22:03Z,Al Jazeera,Iran rejects inspections of bombed nuclear sites without IAEA framework,https://www.aljazeera.com/news/2025/12/24/iran-rejects-inspections-of-bombed-nuclear-sites-without-iaea-framework
2025-12-24T22:25:49Z,https://debuglies.com,Operation Decisive Punishment: Mapping the Iranian 'Saturation Salvo' and the Terminal 2026 Nuclear Sprint,https://debuglies.com/2025/12/24/operation-decisive-punishment-mapping-the-iranian-saturation-salvo-and-the-terminal-2026-nuclear-sprint/
2025-12-24T20:14:19Z,Iran Focus,Head Of Atomic Energy Organization of Iranian Regime: Grossi Is 'Part of the Enemy',https://iranfocus.com/nuclear/56467-head-of-atomic-energy-organization-of-iranian-regime-grossi-is-part-of-the-enemy/
2025-12-24T12:21:00Z,The Guardian,Myanmar's first election since the 2021 coup: everything you need to know,https://www.theguardian.com/world/2025/dec/24/myanmars-first-election-since-the-2021-coup-everything-you-need-to-know
2025-12-25T05:01:08Z,The New York Times,"Why China, a One-Party State, Is Backing Elections in This Country",https://www.nytimes.com/2025/12/25/world/asia/china-myanmar-election.html
2025-12-24T09:10:43Z,Reuters,Explainer: Why is Myanmar's junta holding an election during a civil war?,https://www.reuters.com/world/asia-pacific/why-is-myanmars-junta-holding-an-election-during-civil-war-2025-12-24/
2025-12-24T16:38:41Z,The Economist,A sham poll in Myanmar opens a new phase of military rule,https://www.economist.com/asia/2025/12/24/a-sham-poll-in-myanmar-opens-a-new-phase-of-military-rule
2025-12-23T21:22:38Z,Ars Technica,China just carried out its second reusable launch attempt in three weeks,https://arstechnica.com/space/2025/12/china-just-carried-out-its-second-reusable-launch-attempt-in-three-weeks/
2025-12-24T14:51:37Z,Reuters,China's LandSpace hopes to complete rocket recovery in mid-2026,https://www.reuters.com/business/aerospace-defense/chinas-landspace-hopes-complete-rocket-recovery-mid-2026-2025-12-24/
2025-12-23T13:15:08Z,South China Morning Post,"China's reusable rocket recovery fails, US blacklists DJI: SCMP daily highlights",https://www.scmp.com/news/china/article/3337528/chinas-reusable-rocket-ambitions-suffer-setback-us-blacklists-dji-scmp-daily-highlights
2025-12-23T08:30:57Z,Bloomberg.com,Another Chinese Reusable Rocket Mission Fails Within Weeks,https://www.bloomberg.com/news/articles/2025-12-23/another-chinese-reusable-rocket-mission-fails-within-weeks
2025-12-24T07:24:57Z,Kyiv Post,Ukraine Unveils Details of Unprecedented Novorossiysk Underwater Drone Strike,https://www.kyivpost.com/post/66839
2025-12-24T05:05:00Z,Business Insider,Ukraine explains how it used a drone with an airburst warhead to set up its bold strike on a Russian submarine,https://www.businessinsider.com/ukraine-airburst-warhead-drone-black-sea-russian-sea-dragon-submarine-2025-12
2025-12-23T19:35:00Z,Ukrinform,Submarine sabotage: SSU reveals new details of special operation in Novorossiysk,https://www.ukrinform.net/rubric-ato/4072836-submarine-sabotage-ssu-reveals-new-details-of-special-operation-in-novorossiysk.html
2025-12-23T19:42:55Z,The National Interest,Ukraine's Underwater Drone Cripples a Russian Submarine,https://nationalinterest.org/blog/buzz/ukraines-underwater-drone-cripples-a-russian-submarine-sa-122325
2025-12-25T00:44:00Z,Reuters,"Russian air defence downs 25 Moscow-bound Ukrainian drones, mayor says",https://www.reuters.com/world/ukraine-drone-attacks-target-moscow-night-spark-industrial-fire-tula-russia-says-2025-12-24/
2025-12-24T11:26:15Z,ABC News,"Ukrainian drones attack Moscow, Russia says, as Zelenskyy says Kyiv ready for deal",https://abcnews.go.com/International/ukrainian-drones-attack-moscow-russia-zelenskyy-kyiv-ready/story?id=128672959
2025-12-24T01:31:00Z,Reuters,"Russia's air defence units destroy drone flying towards Moscow, mayor says",https://www.reuters.com/world/russias-air-defence-units-destroy-drone-flying-towards-moscow-mayor-says-2025-12-24/
2025-12-24T20:53:01Z,The Kyiv Independent,Russian officials claim 16 drones headed for Moscow were downed on Christmas Eve,https://kyivindependent.com/russian-officials-claim-16-drones-headed-for-moscow-were-downed-on-christmas-eve/
2025-12-23T19:09:21Z,CNN,Yemen's warring parties agree on biggest prisoner exchange deal so far,https://www.cnn.com/2025/12/23/middleeast/yemen-parties-agree-prisoner-exchange-deal-intl-latam
2025-12-23T20:09:00Z,AP News,"Yemen's sides agree to release 2,900 detainees in war's largest exchange",https://apnews.com/article/yemen-prisoners-release-war-houthis-7523c53ce1aff283866d10e9f38e5246
2025-12-23T15:52:08Z,The New York Times,Yemen's Warring Sides Agree to Largest Prisoner Swap in a Decade of Fighting,https://www.nytimes.com/2025/12/23/world/middleeast/yemen-houthis-prisoner-exchange.html
2025-12-23T13:52:30Z,Al Jazeera,"Yemen's government, Houthis agree to exchange thousands of prisoners",https://www.aljazeera.com/news/2025/12/23/yemen-government-houthis-agree-to-exchange-thousands-of-prisoners
2025-12-24T21:31:37Z,BBC,Eleven arrested over mass shooting in South Africa tavern,https://www.bbc.com/news/articles/c75v0kwy017o
2025-12-24T17:30:20Z,ABC News,South African police continue arrests after mass shooting at a pub,https://abcnews.go.com/International/wireStory/south-african-police-continue-arrests-after-mass-shooting-128681794
2025-12-21T05:26:49Z,CNN,"Manhunt underway in South Africa after 9 people killed in shooting, police say",https://www.cnn.com/2025/12/21/africa/manhunt-south-africa-deadly-shooting-intl-hnk
2025-12-23T14:51:00Z,AP News,Death toll in South Africa's latest pub shooting rises to 10,https://apnews.com/article/south-africa-mass-shooting-pub-death-toll-60ab3f05a9193b19c3b6dd2e609b5964
2025-12-23T23:34:35Z,BBC,Crisis in India-Bangladesh relations spirals amid violent protests,https://www.bbc.com/news/articles/c4gekjjqn1ro
2025-12-24T11:58:00Z,The Indian Express,"Bangladesh summons Indian High Commissioner Pranay Verma, expresses 'deep concern over violent protests' outside missions",https://indianexpress.com/article/world/bangladesh-summons-indian-high-commissioner-pranay-verma-expresses-deep-concern-over-violent-protests-outside-missions-10434642/
2025-12-23T16:56:43Z,Eurasia Review,Sharif Osman Hadi's Death: Bangladesh-India At A Crossroads - OpEd,https://www.eurasiareview.com/23122025-sharif-osman-hadis-death-bangladesh-india-at-a-crossroads-oped/
2025-12-23T14:31:02Z,The Quint,'We Were Hoping India Will Accept...': Voices From Bangladesh Amid Fresh Turmoil,https://www.thequint.com/news/world/bangladesh-violence-anti-india-sentiment-ground-report
2025-12-24T16:25:00Z,USNI News,"China Wants Nine Aircraft Carriers by 2035, Says New Pentagon Report",https://news.usni.org/2025/12/24/china-wants-nine-aircraft-carriers-by-2035-says-new-pentagon-report
2025-12-24T18:33:45Z,The War Zone,Chinese Fighter Jet Exports Set To Grow Significantly,https://www.twz.com/air/chinese-fighter-jet-exports-set-to-grow-significantly
2025-12-24T08:52:00Z,Newsweek,China Plans To Build Six Aircraft Carriers in 10 Years: Pentagon,https://www.newsweek.com/china-plans-build-six-aircraft-carriers-ten-years-pentagon-11264212
2025-12-23T12:27:52Z,RealClearDefense,China's New Super J-36 'NGAD' Stealth Fighters Are Coming,https://www.realcleardefense.com/2025/12/23/chinas_new_super_j-36_ngad_stealth_fighters_are_coming_1155006.html
2025-12-24T00:58:00Z,CNBC,Asia's year in review: Who had it best - and who had it worst - in 2025,https://www.cnbc.com/2025/12/24/asias-year-in-review-who-had-it-best-and-who-had-it-worst-in-2025.html
2025-12-23T06:08:11Z,The Diplomat - Asia-Pacific Current Affairs Magazine,The Pacific Money Blog: 2025 Year in Review,https://thediplomat.com/2025/12/the-pacific-money-blog-2025-year-in-review/
2025-12-23T13:27:31Z,China Military,"Peace, development remain Asia-Pacific's shared aspirations amid security challenges",http://eng.chinamil.com.cn/2025xb/O_251451/16428793.html
2025-12-24T12:49:17Z,news.cgtn.com,Watch: Shifting Currents - 2025 in review with Kishore Mahbubani,https://news.cgtn.com/news/2025-12-24/Watch-Shifting-Currents-2025-in-review-with-Kishore-Mahbubani-1JmXhf3AOTS/p.html
2025-12-23T17:29:09Z,BBC,Government waters down farm inheritance tax plan,https://abcnews.go.com/International/wireStory/guineas-junta-leader-expected-win-election-2021-coup-128674397
2025-12-24T22:10:00Z,The Times,Record farm closures in run-up to inheritance tax U-turn,https://www.nbcnews.com/world/africa/kenyans-protest-roaming-elephants-kill-4-people-week-rcna250865
2025-12-24T10:26:37Z,BBC,Starmer backs down in farm tax row - but why now?,https://www.bbc.com/news/articles/c8e9n3y28g1o
2025-12-24T10:41:00Z,The Guardian,"U-turn on inheritance tax for farmers 'snuck out' to avoid scrutiny, say Tories",https://www.theguardian.com/politics/2025/dec/24/u-turn-inheritance-tax-farmers-snuck-out-avoid-scrutiny-victoria-atkins
2025-12-24T12:02:00Z,The Times of Israel,How extremist settlers coordinate organized violence to expel Palestinians,https://www.timesofisrael.com/how-extremist-settlers-coordinate-organized-violence-to-expel-palestinians/
2025-12-25T01:11:00Z,Reuters,How Israel's hilltop settlers coordinate attacks to expel Palestinians,https://www.reuters.com/world/middle-east/how-israels-hilltop-settlers-coordinate-attacks-expel-palestinians-2025-12-24/
2025-12-24T04:02:00Z,Haaretz,When Did Israeli Settler Attacks Become Official Netanyahu Government Policy in the West Bank?,https://www.haaretz.com/israel-news/2025-12-25/ty-article/.premium/settler-attacks-are-feature-of-israels-west-bank-annexation-policy-not-a-bug/0000019b-4d0c-d02f-a7ff-dddf18770000
2025-12-20T20:35:44Z,The New York Times,Land Grab: Israel's Escalating Campaign for Control of the West Bank,https://www.nytimes.com/interactive/2025/12/20/world/middleeast/west-bank-settlements.html
2025-12-25T05:01:00Z,CNN,The shadow Russia casts over Europe has forced it to face the truth: the risk of war is once again real,https://www.cnn.com/2025/12/25/europe/russia-europe-analysis-intl-cmd
2025-12-24T12:42:57Z,Radio Free Europe/Radio Liberty,Why Are So Many Leaders Warning Of War With Russia?,https://www.rferl.org/a/rutte-pistorius-warning-war-russia/33630822.html
2025-12-24T11:45:00Z,Newsweek,Europe Must Defend Europe | Opinion,https://www.newsweek.com/europe-must-defend-europe-opinion-11254528
2025-12-22T12:45:53Z,ThePrint,Factbox-How Europe plans to bolster its military ranks,https://theprint.in/world/factbox-how-europe-plans-to-bolster-its-military-ranks/2810808/
2025-12-24T03:00:00Z,politico.eu,This city shaped a classic Christmas carol. Now Russia has destroyed it.,https://www.politico.eu/article/russia-destroy-ukraine-pokrovsk-city-shaped-classic-christmas-carol-shchedryk/
2025-12-24T22:16:00Z,New York Post,'Carol of the Bells' has roots in Ukraine - and Russia has blown the composer's hometown to pieces,https://nypost.com/2025/12/24/world-news/carol-of-the-bells-has-roots-in-ukraine-and-russia-has-blown-the-composers-hometown-to-pieces/
2025-12-23T14:09:29Z,The Counteroffensive with Tim Mak,Russia incinerates birthplace of famous Christmas song,https://www.counteroffensive.news/p/russia-incinerates-birthplace-of
2025-12-24T17:01:11Z,112.ua,DTEK is searching for equipment for the restoration of power plants throughout Europe,https://112.ua/en/dtek-sukae-obladnanna-dla-vidnovlenna-tes-po-vsij-evropi-gendirektor-kompanii-timcenko-dla-bloomberg-125181
2025-12-24T01:07:30Z,Jacobin,Learning From Defeat in Chile,https://jacobin.com/2025/12/giorgio-jackson-interview-kast-boric
2025-12-23T11:00:00Z,The New Yorker,The Right Wing Rises in Latin America,https://www.newyorker.com/news/the-lede/the-right-wing-rises-in-latin-america
2025-12-19T17:10:00Z,The Guardian,Chile's far-right president taps into support for Pinochet that never went away,https://www.theguardian.com/world/2025/dec/19/chile-jose-antonio-kast-pinochet
2025-12-18T12:00:00Z,AS/COA,Brian Winter on CNN's Amanpour About the Right's Ascendancy in Latin America,https://www.as-coa.org/articles/brian-winter-cnns-amanpour-about-rights-ascendancy-latin-america
2025-12-23T13:34:34Z,The New York Times,Greta Thunberg Arrested at U.K. Protest Supporting Palestine Action Prisoners,https://www.nytimes.com/2025/12/23/world/europe/greta-thunberg-arrest-uk-palestine-action.html
2025-12-24T01:57:00Z,CNN,Greta Thunberg arrested for pro-Palestinian protest under UK terrorism law,https://www.cnn.com/2025/12/23/uk/greta-thunberg-arrest-uk-palestinian-protest-intl-hnk
2025-12-23T14:08:23Z,DW,UK police arrest Greta Thunberg under Terrorism Act,https://www.dw.com/en/uk-police-arrest-greta-thunberg-under-terrorism-act/a-75286097
2025-12-23T13:15:00Z,The Guardian,Greta Thunberg arrested in London over 'Palestine Action prisoners' placard | UK news,https://www.theguardian.com/uk-news/2025/dec/23/greta-thunberg-arrested-london-palestine-action-prisoners-placard
2025-12-24T10:03:29Z,Euronews.com,Israel's defence minister walks back pledge to establish Gaza settlements,https://www.euronews.com/2025/12/24/israels-defence-minister-walks-back-pledge-to-establish-gaza-settlements
2025-12-23T17:14:00Z,The Wall Street Journal,"Israel Won't Leave Gaza, Will Build Settlements, Defense Minister Says",https://www.wsj.com/world/middle-east/israel-wont-leave-gaza-will-build-settlements-defense-minister-says-42d05b3a
2025-12-23T15:57:33Z,Al Jazeera,"Israel will never fully withdraw from Gaza, defence minister says",https://www.aljazeera.com/news/2025/12/23/israel-will-never-fully-withdraw-from-gaza-defence-minister-says
2025-12-23T19:19:46Z,Reuters,Israeli defence minister says no plan to resettle Gaza after hinting at one,https://www.reuters.com/business/aerospace-defense/israeli-defence-minister-vows-military-remain-gaza-2025-12-23/
2025-12-24T05:50:24Z,Financial Times,Pakistan sells indebted state carrier in privatisation win,https://www.ft.com/content/af80c3b8-fcdb-429b-8635-ed29b0577e15
2025-12-24T08:59:32Z,Reuters,"Flag carrier PIA to be run by new owners from April, says Pakistan official",https://www.reuters.com/world/asia-pacific/flag-carrier-pia-be-run-by-new-owners-april-says-pakistan-official-2025-12-24/
2025-12-23T14:14:00Z,Nikkei Asia,Pakistan International Airlines to be acquired by stockbroker for $482m,https://asia.nikkei.com/business/transportation/pakistan-international-airlines-to-be-acquired-by-stockbroker-for-482m
2025-12-23T15:59:00Z,AP News,Pakistani consortium acquires 75% stake in PIA in major privatization move,https://apnews.com/article/pakistan-auction-pia-airline-359d56172b852a9f6f16f775423d8ac5
2025-12-24T10:00:00Z,NPR,How cozy Yuletide traditions got their start with raging parties and animal sacrifice,https://www.npr.org/2025/12/24/nx-s1-5643035/yule-christmas-word-origin
2025-12-24T22:31:59Z,LAist,Yuletide traditions,https://laist.com/brief/news/how-cozy-yuletide-traditions-got-their-start-raging-parties-animal-sacrifice
2025-12-22T02:05:00Z,620 CKRM,Winter! Try to follow the Twelve Nights of Yule.,https://www.620ckrm.com/2025/12/21/winter-try-to-follow-the-twelve-nights-of-yule/
2025-12-20T18:18:53Z,substack.com,Journaling with the Wheel of the Year: Yule & the Winter Solstice,https://substack.com/home/post/p-181913540?source=queue
2025-12-24T20:03:30Z,The Jerusalem Post,"Recep Tayyip Erdogan slams Israel-Greece-Cyprus meeting, backs Gaza",https://www.jpost.com/middle-east/article-881292
2025-12-23T03:41:00Z,The Times of Israel,"Netanyahu uses summit of Israel, Greece, Cyprus leaders to send warning to Turkey",https://www.timesofisrael.com/netanyahu-uses-summit-of-israel-greece-cyprus-leaders-to-send-warning-to-turkey/
2025-12-22T11:31:00Z,Haaretz,Greek and Cypriot Leaders Visit Israel to Discuss Regional Cooperation With Netanyahu,https://www.haaretz.com/israel-news/2025-12-22/ty-article/.premium/greek-and-cypriot-leaders-visit-israel-to-discuss-regional-cooperation-with-netanyahu/0000019b-459e-dac2-a9bb-e7ff6fcf0000
2025-12-23T17:52:23Z,Foundation for Defense of Democracies,"Israel, Cyprus, Greece Sign Cooperation Agreement at Trilateral Summit in Jerusalem",https://www.fdd.org/analysis/2025/12/23/israel-cyprus-greece-sign-cooperation-agreement-at-trilateral-summit-in-jerusalem/
2025-12-23T17:51:00Z,The Daily Beast,Palace Butler Accused of Hawking State Silverware on Vinted,https://www.thedailybeast.com/head-butler-at-frances-elysee-palace-accused-of-hawking-state-silverware/
2025-12-22T01:58:04Z,The New York Times,"First the Louvre, Now the Presidential Palace: New Theft Rattles France",https://www.nytimes.com/2025/12/21/world/europe/elysee-palace-theft.html
2025-12-22T15:35:58Z,BBC,Palace staff member to stand trial over theft of precious tableware,https://www.bbc.com/news/articles/cz0n51p00jmo
2025-12-21T18:17:47Z,DW,3 suspects in Elysee Palace silverware theft to stand trial,https://www.dw.com/en/france-3-suspects-in-elysee-palace-silverware-theft-to-stand-trial/a-75259472
2025-12-25T00:53:38Z,The Times of Israel,PM's ex-aide withheld name of top official involved in Bild leak out of fear - report,https://www.timesofisrael.com/pms-ex-aide-withheld-name-of-top-official-involved-in-bild-leak-out-of-fear-report/
2025-12-23T22:50:00Z,Politico,Ex-aide says Netanyahu tasked him with making plan to evade responsibility for Oct. 7 attack,https://www.politico.com/news/2025/12/23/netanyahu-responsibility-oct7-attack-israel-00705456
2025-12-24T08:04:00Z,Haaretz,"Netanyahu Was Behind Leak of Classified IDF Document to German Tabloid Bild, Ex-aide Says",https://www.haaretz.com/israel-news/2025-12-24/ty-article/.premium/netanyahu-was-behind-leak-of-classified-idf-document-to-german-tabloid-bild-ex-aide-says/0000019b-4f1b-d2b2-affb-5f7f2cf20000
2025-12-23T13:18:04Z,The Jerusalem Post,"Feldstein says 'Netanyahu erased concept of responsibility for October 7,' in first KAN interview",https://www.jpost.com/middle-east/article-881216
2025-12-23T18:54:00Z,The Times of Israel,Belgium joins South Africa's genocide case against Israel,https://www.timesofisrael.com/belgium-joins-south-africas-genocide-case-against-israel/
2025-12-23T21:11:52Z,Al Jazeera,Belgium joins South Africa's genocide case against Israel at ICJ,https://www.aljazeera.com/news/2025/12/23/belgium-joins-south-africas-genocide-case-against-israel-at-icj
2025-12-24T09:15:00Z,Haaretz,Belgium Joins South Africa's ICJ Case Accusing Israel of Genocide in Gaza,https://www.haaretz.com/world-news/europe/2025-12-24/ty-article/.premium/belgium-joins-south-africas-icj-case-accusing-israel-of-genocide-in-gaza/0000019b-4f71-d028-a9bb-5f75ce880000
2025-12-24T19:41:00Z,The Jerusalem Post,Belgium joins ICJ genocide case against Israel,https://www.jpost.com/international/article-881185
2025-12-24T10:41:00Z,The Guardian,How hope is fading: the mobs bringing violence back to the streets of Bangladesh,https://www.theguardian.com/global-development/2025/dec/24/bangladesh-media-newspapers-civil-society-targeted-mobs-sheikh-hasina
2025-12-24T09:53:34Z,NDTV,"Opinion | Bangladesh: A Lynching, Nationalism, And Blood Sacrifice",https://www.ndtv.com/opinion/bangladesh-a-lynching-nationalism-and-blood-sacrifice-9931702
2025-12-24T08:05:48Z,Times Now,US Lawmakers Ask Bangladesh's Yunus to Ensure Free and Fair Elections,https://www.timesnownews.com/world/us/us-news/us-lawmakers-ask-bangladeshs-yunus-to-ensure-free-and-fair-elections-article-153341113
2025-12-24T05:02:55Z,Mission Network News,Political uncertainty and Gospel opportunity in Bangladesh,https://www.mnnonline.org/news/political-uncertainty-and-gospel-opportunity-in-bangladesh/
2025-12-23T11:55:57Z,BBC,Israel extends order allowing closure of foreign broadcasters,https://www.bbc.com/news/articles/c2k47wg2j90o
2025-12-23T18:25:24Z,Al Jazeera,Is Israel's government waging war on Al Jazeera and the media?,https://www.aljazeera.com/news/2025/12/23/is-israels-government-waging-war-on-al-jazeera-and-the-media
2025-12-23T14:36:53Z,The Times of Israel,Knesset extends authorities' power to ban broadcasts deemed harmful to security,https://www.timesofisrael.com/knesset-extends-authorities-power-to-ban-broadcasts-deemed-harmful-to-security/
2025-12-23T07:46:00Z,Middle East Eye,Israeli Knesset approves extension of law allowing closure of foreign media,https://www.middleeasteye.net/live-blog/live-blog-update/israeli-knesset-approves-extension-law-allowing-closure-foreign-media
2025-12-25T03:53:56Z,NewsNation,Why did hundreds of Victorian-era boots wash up on a UK beach?,https://www.newsnationnow.com/world/hundreds-victorian-shoes-uk-beach/
2025-12-23T14:56:14Z,BBC,Mystery as hundreds of Victorian shoes wash up on beach,https://www.bbc.com/news/articles/cy84ezd4421o
2025-12-24T15:52:25Z,IFLScience,Hundreds Of 19th-Century Black Leather Shoes Have Mysteriously Washed Up On A Beach,https://www.iflscience.com/hundreds-of-19th-century-black-leather-shoes-have-mysteriously-washed-up-on-a-beach-82031
2025-12-23T20:14:27Z,Yahoo News UK,Hundreds of old and tattered shoes mysteriously found on Welsh beach,https://uk.news.yahoo.com/hundreds-old-tattered-shoes-mysteriously-195712037.html
2025-12-25T00:18:54Z,BBC,The time bombs in the new Archbishop of Canterbury's in-tray for 2026,https://www.bbc.com/news/articles/c4gekrwxg2qo
2025-12-17T19:57:41Z,Channel 4,Calls to halt Archbishop of Canterbury appointment over safeguarding fears,https://www.channel4.com/news/calls-to-halt-archbishop-of-canterbury-appointment-over-safeguarding-fears
2025-12-16T20:54:37Z,Diocese of London,Channel 4: Response from the Diocese of London,https://www.london.anglican.org/articles/tatement-from-the-bishop-of-london-the-rt-revd-and-rt-hon-dame-sarah-mullally-dbe/
2025-12-16T08:00:00Z,ZENIT - English,First woman to lead Anglican church could resign before taking office over mishandling of abuse cases,https://zenit.org/2025/12/16/first-woman-to-lead-anglican-church-could-resign-before-taking-office-over-mishandling-of-abuse-cases/
2025-12-24T09:07:52Z,BBC,"Border villagers abducted and taken to Russia, says Ukraine",https://www.bbc.com/news/articles/czxpz05yj5po
2025-12-22T02:42:52Z,Institute for the Study of War,"Russian Offensive Campaign Assessment, December 21, 2025",https://understandingwar.org/research/russia-ukraine/russian-offensive-campaign-assessment-december-21-2025/
2025-12-22T06:32:00Z,The Guardian,Ukraine war briefing: Kyiv's forces battle Russian push to break through in Sumy region,https://www.theguardian.com/world/2025/dec/22/ukraine-war-briefing-kyivs-forces-battle-russian-push-to-break-through-in-sumy-region
2025-12-22T23:11:58Z,Reuters,Ukraine's Zelenskiy says border residents taken to Russia had long interacted with neighbours,https://www.reuters.com/world/ukraines-zelenskiy-says-border-residents-taken-russia-had-long-interacted-with-2025-12-22/
2025-12-23T21:52:56Z,The Washington Post,U.K. man and 5 others charged with sexually abusing his wife over 13 years,https://www.washingtonpost.com/world/2025/12/23/philip-young-wife-rape-britain/
2025-12-22T19:47:42Z,The New York Times,U.K. Man and 5 Others Charged With Sexual Offenses Against His Wife,https://www.nytimes.com/2025/12/22/world/europe/philip-young-wife-rape-charges.html
2025-12-22T20:38:31Z,CNN,UK man charged with repeatedly drugging and raping his ex-wife for years,https://www.cnn.com/2025/12/22/uk/uk-man-charged-rape-wife-drugged-intl
2025-12-23T17:01:05Z,BBC,Husband in court charged with drugging and raping ex-wife,https://www.bbc.com/news/articles/cdrnvvyy8kzo
2025-12-24T02:30:00Z,The Guardian,Shropshire canal breach caused by collapse of artificial embankment,https://www.theguardian.com/uk-news/2025/dec/23/shropshire-canal-breach-caused-by-collapse-of-artificial-embankment
2025-12-25T07:19:06Z,BBC,Locals step in at Christmas after canal collapse,https://www.bbc.com/news/articles/c79x0v2pw17o
2025-12-22T13:55:09Z,CNN,"Massive sinkhole in England swallows canal boats, sparking rescue operation",https://www.cnn.com/2025/12/22/uk/canal-sinkhole-major-incident-uk-intl
2025-12-24T15:29:19Z,Sky News,Video shows canal boat falling into huge hole after Whitchurch embankment collapse,https://news.sky.com/story/video-shows-canal-boat-falling-into-huge-hole-after-whitchurch-embankment-collapse-13487272
2025-12-24T17:49:00Z,The New York Times,"Assad's Enforcers Brutalized Syria. Now They're Living Large, Lying Low and Evading Justice.",https://www.nytimes.com/2025/12/22/world/middleeast/assad-syria-enforcers-lives-now.html
2025-12-25T08:28:40Z,The New York Times,"For Fallen Syrian Dictator Assad and Family, an Exile of Luxury and Impunity",https://www.nytimes.com/2025/12/22/world/middleeast/assad-syria-exile-luxury.html
2025-12-23T11:15:00Z,Al Arabiya English,Al-Assad regime senior figures living luxurious life in Russia: Report,https://english.alarabiya.net/News/middle-east/2025/12/23/alassad-regime-senior-figures-living-luxurious-life-in-russia-report-
2025-12-23T15:26:48Z,OutKick,"Brutal Dictator Pulled Comically Wild Move After Fleeing To Russia, New Report Claims",https://www.outkick.com/culture/bashar-al-assad-uae-daughters-russia
2025-11-17T06:32:19Z,BBC,Japan tourism and retail stocks slide after China row,https://www.bbc.com/news/articles/c5y9n25r0qyo
2025-11-17T03:39:00Z,The Guardian,China travel warning for Japan sends shares in tourism and retail companies plunging,https://www.theguardian.com/world/2025/nov/17/china-travel-warning-for-japan-sends-shares-in-tourism-and-retail-companies-plunging
2025-11-17T07:21:15Z,South China Morning Post,"Taiwan row: stay 'on high alert', People's Daily warns, as Japan seeks to ease tensions",https://www.scmp.com/news/china/diplomacy/article/3333071/taiwan-row-stay-high-alert-peoples-daily-warns-japan-seeks-ease-tensions
2025-11-17T01:34:00Z,CNBC,"Japan to dispatch senior envoy to China, NHK says, as travel warning drives tourism selloff in Tokyo",https://www.cnbc.com/2025/11/17/japan-travel-retail-exposed-stocks-china-japan-spat-deepens-beijing-tokyo-taiwan-takaichi.html
2025-11-17T03:33:00Z,AP News,Chile's presidential race heads to a runoff between a communist and a pro-Trump conservative,https://apnews.com/article/chile-elections-kast-kaiser-jara-boric-migration-86be2d5930cdcefec7248e2b450ca0f8
2025-11-17T00:58:14Z,BBC,Communist and far-right candidates head to Chile presidential run-off,https://www.bbc.com/news/articles/c0jd0v8dvpwo
2025-11-17T01:02:00Z,The Guardian,Far-right candidate Jos√© Antonio Kast favourite to become Chile's next president after first round vote,https://www.theguardian.com/world/2025/nov/17/far-right-candidate-jose-antonio-kast-favourite-to-become-chiles-next-president-after-first-round-vote
2025-11-17T02:13:26Z,The New York Times,Trump-Style Candidate Heads to Runoff in Chile's Election,https://www.nytimes.com/2025/11/16/world/americas/chile-presidential-election-on-sunday.html
2025-11-16T19:39:07Z,The New York Times,"Britain's Labour Government Plans New, Tougher System for Asylum Seekers",https://www.nytimes.com/2025/11/16/world/europe/britain-asylum-system.html
2025-11-17T05:08:34Z,BBC,'Sweeping reforms to asylum rules' and 'New humiliation for Andrew',https://www.bbc.com/news/articles/cwy5d5kzg2qo
2025-11-16T22:30:00Z,The Guardian,Shabana Mahmood warns Labour MPs 'dark forces are stirring up anger' over migration,https://www.theguardian.com/world/2025/nov/16/shabana-mahmood-warns-labour-mps-dark-forces-are-stirring-up-anger-over-migration
2025-11-16T16:05:59Z,The Times,Shabana Mahmood: 'Illegal migration is tearing Britain apart',https://www.thetimes.com/uk/politics/article/shabana-mahmood-immigration-asylum-reforms-interview-rdzhs2thg
2025-11-16T16:08:00Z,The Times of Israel,Trump faces uphill battle to persuade Saudi crown prince to normalize Israel ties,https://www.timesofisrael.com/trump-faces-uphill-battle-to-persuade-saudi-crown-prince-to-normalize-israel-ties/
2025-11-16T10:00:01Z,CNN,Trump pulling out all the stops to welcome Saudi crown prince for first White House visit since Khashoggi killing,https://www.cnn.com/2025/11/16/politics/saudi-crown-prince-trump-white-house
2025-11-17T06:00:05Z,The New York Times,Opinion | Saudi Leader Looking Inward as He Comes to Washington,https://www.nytimes.com/2025/11/17/opinion/saudi-prince-mbs-trump-washington.html
2025-11-17T00:37:49Z,The Washington Post,"Opinion | As Trump and MBS meet, a longtime partnership faces new realities",https://www.washingtonpost.com/opinions/2025/11/17/trump-mbs-saudi-arabia-meeting/
2025-11-16T19:20:50Z,CBS News,Leader of powerful Ecuadorian drug syndicate targeted by U.S. captured in Spain 4 years after faking his death,https://www.cbsnews.com/news/ecuador-drug-gang-leader-pipo-captured-spain-faked-death/
2025-11-16T19:34:41Z,abcnews.go.com,Ecuadorian drug gang leader captured in Spain years after faking his death,https://abcnews.go.com/International/wireStory/ecuadorian-drug-gang-leader-captured-spain-years-after-127574879
2025-11-17T05:50:00Z,New York Post,Notorious Ecuadorian drug kingpin Wilmer 'Pipo' Chavarria arrested in Spain 4 years after faking his death,https://nypost.com/2025/11/17/world-news/ecuadorian-drug-kingpin-wilmer-pipo-chavarria-arrested-in-spain-4-years-after-faking-his-death/
2025-11-16T21:37:51Z,BBC,Leader of notorious Ecuador drugs gang captured in Spain,https://www.bbc.com/news/articles/c93dz9zly83o
2025-11-15T12:23:27Z,Euronews.com,Russia launches three ballistic missiles in overnight attacks,https://www.euronews.com/2025/11/15/at-least-nine-people-killed-over-past-24-hours-across-ukraine-in-russian-attacks
2025-11-14T18:03:52Z,Al Jazeera,Updates: Russia warns NATO against joining Ukraine after deadly strikes,https://www.aljazeera.com/news/liveblog/2025/11/14/live-ukraines-capital-kyiv-comes-under-deadly-russian-attack
2025-11-14T12:56:40Z,Reuters,Ukrainian energy workers in endless race to repair damage from Russian strikes,https://www.reuters.com/business/energy/ukrainian-energy-workers-endless-race-repair-damage-russian-strikes-2025-11-14/
2025-11-15T10:00:38Z,The New York Times,Russia Tried to Cut Ukraine's Lights. Now It's Aiming for the Heat.,https://www.nytimes.com/2025/11/15/world/europe/ukraine-russia-energy-winter-cold-gas.html
2025-11-17T04:55:00Z,Reuters,"Exclusive: Ahead of Hasina court verdict, son warns of Bangladesh violence if party ban stays",https://www.reuters.com/world/asia-pacific/ahead-hasina-court-verdict-son-warns-bangladesh-violence-if-party-ban-stays-2025-11-16/
2025-11-17T07:31:08Z,BBC,Protests break out as verdict against Bangladesh's deposed leader Sheikh Hasina begins,https://www.bbc.com/news/live/cpwvg0w4ljrt
2025-11-17T06:00:17Z,abcnews.go.com,Bangladesh beefs up security ahead of verdict against ousted PM Sheikh Hasina,https://abcnews.go.com/International/wireStory/bangladesh-beefs-security-ahead-verdict-ousted-pm-sheikh-127582948
2025-11-17T07:21:39Z,Al Jazeera,Bangladesh live: Tribunal's verdict against former PM Sheikh Hasina shortly,https://www.aljazeera.com/news/liveblog/2025/11/17/bangladesh-live-court-verdict-against-toppled-ex-pm-sheikh-hasina-expected
2025-11-17T00:47:37Z,dw.com,Mutirao: Brazil's Indigenous answer to the climate crisis,https://www.dw.com/en/mutirao-the-brazilian-indigenous-concept-that-could-change-climate-talks/a-74734652
2025-11-15T20:52:24Z,Politico,Protests return to climate summit with calls for Indigenous rights (and a dash of Trump mockery),https://www.politico.com/news/2025/11/15/protests-climate-summit-brazil-00653476
2025-11-15T17:09:03Z,BBC,Thousands march outside COP30 summit in call for action,https://www.bbc.com/news/articles/cy40z22qqwwo
2025-11-14T14:00:07Z,The New York Times,"Indigenous People, Long Sidelined at Climate Talks, Take the Stage in Brazil",https://www.nytimes.com/2025/11/14/climate/cop30-belem-indigenous-people.html
2025-11-16T11:01:00Z,NPR,'We have no choice': Indigenous guards take on cocaine gangs in Peru's Amazon,https://www.npr.org/2025/11/16/nx-s1-5602335/indigenous-cocaine-traffickers-peru-amazon
2025-11-15T12:11:15Z,dw.com,COP30: How Brazilian crime cartels undermine climate efforts,https://www.dw.com/en/cop30-how-brazilian-crime-cartels-undermine-climate-efforts/a-74718584
2025-11-14T08:00:00Z,Earth Day,"Mining, Mismanagement, and Magic Tricks",https://earthday.org/mining-mismanagement-and-magic-tricks/
2025-11-10T19:59:23Z,Channel 4,Brazil: Indigenous communities battle illegal gold miners on ancestral lands,https://www.channel4.com/news/brazil-indigenous-communities-battle-illegal-gold-miners-on-ancestral-lands
2025-11-16T14:50:00Z,AP News,Hundreds of thousands rally in Manila against flood-control corruption scandal,https://apnews.com/article/philippines-flood-control-corruption-protests-d390012c4eb5c37fc906b4fdc53e14fb
2025-11-16T17:19:00Z,politico.eu,Athens and Kyiv sign LNG deal as Greece adopts US energy agenda,https://www.politico.eu/article/athens-lng-deal-greece-us-energy-agenda/
2025-11-17T04:04:00Z,The Guardian,Ukraine war briefing: Greece signs deal to supply gas to Kyiv over 'difficult' winter,https://www.theguardian.com/world/2025/nov/17/ukraine-war-briefing-greece-signs-deal-to-supply-gas-to-kyiv-over-difficult-winter
2025-11-16T21:46:29Z,Euronews.com,Ukraine signs LNG deal with Greece as Athens adopts US energy agenda,https://www.euronews.com/2025/11/16/zelenskyy-signs-lng-deal-with-greece-the-first-eu-country-to-adopt-us-energy-agenda
2025-11-16T16:53:00Z,AP News,Greece and Ukraine sign a US gas supply deal as Zelenskyy visits Athens,https://apnews.com/article/lng-us-energy-ukraine-greece-deal-gas-f749e45a3cbea1de6fe664f9a09631f6
2025-11-15T18:00:00Z,The Washington Post,"In Darfur, Sudan's lost children wander through a landscape of death",https://www.washingtonpost.com/world/2025/11/15/sudan-el-fashir-children-killings/
2025-11-13T13:46:04Z,Al Jazeera,Sudan's civilians deserve more than survival,https://www.aljazeera.com/opinions/2025/11/13/sudans-civilians-deserve-more-than-survival
2025-11-14T18:18:20Z,The New York Times,"Atrocities Against Civilians in Sudan Require World's Attention, U.N. Says",https://www.nytimes.com/2025/11/14/world/africa/sudan-atrocities-civilians-un.html
2025-11-14T13:12:30Z,UN News,Sudan war: Aid teams plead for access to thousands trapped in El Fasher,https://news.un.org/en/story/2025/11/1166366
2025-11-16T13:00:00Z,Catholic News Agency,"Pope Leo XIV: Where the world sees threats, the Church sees children",https://www.catholicnewsagency.com/news/267863/pope-leo-xiv-where-the-world-sees-threats-the-church-sees-children
2025-11-16T16:15:00Z,Catholic News Agency,"Pope Leo XIV shares lunch with more than 1,300 people in need at the Vatican",https://www.catholicnewsagency.com/news/267865/pope-leo-xiv-shares-lunch-with-more-than-1300-people-in-need-at-the-vatican
2025-11-16T11:15:00Z,Vatican News,"Pope Leo: Persecuted Christians are witnesses of truth, justice, hope",https://www.vaticannews.va/en/pope/news/2025-11/pope-leo-persecuted-christians-witnesses-of-truth-justice-hope.html
2025-11-16T16:19:10Z,OSV News,"Full text: Pope Leo XIV's Nov. 16, 2025, homily for Mass for Jubilee of the Poor",https://www.osvnews.com/full-text-pope-leo-xivs-nov-16-2025-homily-for-mass-for-jubilee-of-the-poor/
2025-11-15T13:12:00Z,The Times of Israel,"US: Failure to back UN resolution based on Trump's Gaza plan is a vote for Hamas, war",https://www.timesofisrael.com/us-failure-to-back-un-resolution-based-on-trumps-gaza-plan-is-a-vote-for-hamas-war/
2025-11-14T20:36:26Z,The New York Times,Russia Counters U.S. Plan for Gaza With Its Own Proposal at U.N. Security Council,https://www.nytimes.com/2025/11/14/world/middleeast/russia-us-gaza-un-security-council.html
2025-11-17T04:27:30Z,The Times of Israel,Hamas rejects 'dangerous' US proposal at UN for Gaza stabilization force,https://www.timesofisrael.com/liveblog_entry/hamas-rejects-dangerous-us-proposal-at-un-for-gaza-stabilization-force/
2025-11-14T15:48:36Z,United States Mission to the United Nations (.gov),Joint Statement on the UN Security Council Resolution on Gaza,https://usun.usmission.gov/joint-statement-on-the-un-security-council-resolution-on-gaza/
2025-11-16T21:49:17Z,Euronews.com,"Gen-Z protests in Mexico turn violent, leaving over 120 injured",https://www.euronews.com/2025/11/16/gen-zs-take-to-the-streets-in-mexico-20-arrested-and-over-100-police-officers-injured
2025-11-16T09:22:03Z,NBC News,Thousands protest crime and corruption in Mexico City as 'Gen Z' protests gain momentum,https://www.nbcnews.com/world/mexico/thousands-protest-crime-corruption-mexico-city-gen-z-protests-rcna244172
2025-11-15T23:51:26Z,The New York Times,Protesters Rage Against Mexico's Government Over Corruption and Violence,https://www.nytimes.com/2025/11/15/world/americas/mexico-protest-violence.html
2025-11-15T22:05:20Z,NPR,"Mexico's new generation takes to the streets, accusing leaders of protecting cartels",https://www.npr.org/2025/11/15/nx-s1-5608991/mexicos-new-generation-takes-to-the-streets-accusing-leaders-of-protecting-cartels
2025-11-16T05:36:04Z,Daily Kos,"Ukraine Invasion Day 1,366: their assets from a hole in the ground. BAVOVNA at Ryazan oil refinery.",https://www.dailykos.com/stories/2025/11/15/2354035/-Ukraine-Invasion-Day-1366-assets-from-a-hole-in-the-ground-BAVOVNA-at-Ryazan-oil-refinery
2025-11-17T01:22:18Z,Al Jazeera,"Russia-Ukraine war: List of key events, day 1,362",https://www.aljazeera.com/news/2025/11/17/russia-ukraine-war-list-of-key-events-day-1362
2025-11-11T05:00:00Z,Foreign Affairs,Ukraine's Hardest Winter,https://www.foreignaffairs.com/ukraine/ukraines-hardest-winter
2025-11-14T12:49:20Z,Chatham House,Independent Thinking: What does Ukraine need to get through the winter?,https://www.chathamhouse.org/2025/11/independent-thinking-what-does-ukraine-need-get-through-winter
2025-11-17T00:57:16Z,Al Jazeera,"Dozens killed in DR Congo after bridge collapses at copper, cobalt mine",https://www.aljazeera.com/news/2025/11/17/dozens-killed-in-dr-congo-after-bridge-collapses-at-copper-cobalt-mine
2025-11-16T21:20:55Z,CNN,"At least 32 killed in southeastern DRC after bridge at mine collapsed, authorities say",https://www.cnn.com/2025/11/16/world/democratic-republic-of-congo-bridge-mine-collapse-intl-latam
2025-11-17T03:03:45Z,People.com,At Least 32 People Dead After a Mine Bridge Collapsed Due to Overcrowding,https://people.com/at-least-32-people-dead-after-mine-bridge-collapsed-due-to-overcrowding-11850505
2025-11-16T17:45:34Z,CTV News,DR Congo mine collapse kills at least 32: official,https://www.ctvnews.ca/world/article/dr-congo-mine-collapse-kills-at-least-32-official/
2025-11-15T23:05:13Z,Radio Free Europe/Radio Liberty,"Zelenskyy Vows Energy Sector Overhaul, Signs Gas Deal With Greece",https://www.rferl.org/a/ukraine-zelenskyy-energy-sector-scandal-mindich/33592648.html
2025-11-16T15:13:00Z,The Guardian,Zelenskyy pledges to clean up Ukraine's energy sector amid corruption scandal,https://www.theguardian.com/world/2025/nov/16/zelenskyy-pledges-to-clean-up-ukraine-energy-sector-amid-corruption-scandal
2025-11-15T20:26:30Z,BBC,Zelensky vows energy sector overhaul after $100m corruption scandal,https://www.bbc.com/news/articles/cvgwyyd8l58o
2025-11-14T16:18:00Z,politico.eu,Ukraine scrambles to limit damage from blockbuster corruption scandal,https://www.politico.eu/article/volodymyr-zelensky-ukraine-scrambles-limit-damage-from-blockbuster-corruption-scandal/
2025-11-17T00:16:38Z,dw.com,Auction of Holocaust items canceled after outrage,https://www.dw.com/en/auction-of-holocaust-items-canceled-after-outrage/a-74761373
2025-11-16T17:32:00Z,The Guardian,German auction house cancels sale of Holocaust artefacts after outcry,https://www.theguardian.com/world/2025/nov/16/german-auction-house-urged-to-cancel-sale-of-holocaust-artefacts
2025-11-17T05:38:00Z,New York Post,Germany cancels Holocaust artifacts auction after intense backlash: 'Exploited for commercial gain',https://nypost.com/2025/11/17/world-news/germany-cancels-holocaust-artifacts-auction-after-backlash/
2025-11-16T23:19:35Z,BBC,"Auction of Nazi death camp artefacts cancelled, Poland's DPM says",https://www.bbc.com/news/articles/cz6n5n8p1l4o
2025-11-16T16:16:05Z,BBC,Red Fort explosion: Man arrested over deadly Delhi car bomb blast,https://www.bbc.com/news/articles/clyk0nd1nq6o
2025-11-16T20:20:32Z,CNN,India arrests Kashmir resident in connection with deadly Red Fort bomb attack,https://www.cnn.com/2025/11/16/india/india-arrest-delhi-bomb-kashmir-latam-intl
2025-11-16T14:07:15Z,NDTV,Anti-Terror Agency NIA Arrests Delhi Suicide Bomber's Accomplice,https://www.ndtv.com/india-news/anti-terror-agency-nia-arrests-delhi-suicide-bombers-accomplice-9646161
2025-11-16T17:02:19Z,abcnews.go.com,India arrests suspect in New Delhi car blast that killed 10,https://abcnews.go.com/International/wireStory/india-arrests-suspect-new-delhi-car-blast-killed-127572088
2025-11-16T14:00:00Z,The Guardian,Climate crisis or a warning from God? Iranians desperate for answers as water dries up,https://www.theguardian.com/world/2025/nov/16/climate-crisis-or-a-warning-from-god-iranians-desperate-for-answers-as-water-dries-up
2025-11-16T21:07:22Z,CNN,Iran turns to cloud-seeding as historic drought causes driest fall in 50 years,https://www.cnn.com/2025/11/16/world/iran-drought-cloud-seeding-dry-fall-climate-latam-intl
2025-11-17T07:15:00Z,Bloomberg.com,Iran Starts Cloud Seeding as Water Crisis Forces Rationing,https://www.bloomberg.com/news/articles/2025-11-17/iran-starts-cloud-seeding-as-water-crisis-forces-rationing
2025-11-16T12:24:24Z,NBC News,Iran water crisis: Taps run dry as Tehran evacuation looms,https://www.nbcnews.com/world/iran/iran-water-crisis-taps-run-dry-tehran-evacuation-looms-rcna243430
2025-11-15T19:47:00Z,AP News,First strong winter rains soak Gaza's makeshift shelters,https://apnews.com/article/mideast-wars-israel-gaza-palestinians-hostages-news-11-15-2025-dc960607780de14a0abca4bd9593e391
2025-11-16T16:49:11Z,Al Jazeera,Updates: Displaced Palestinians suffer as winter weather takes hold in Gaza,https://www.aljazeera.com/news/liveblog/2025/11/16/live-israeli-air-attacks-across-gaza-deadly-west-bank-raids-continue
2025-11-15T19:07:30Z,The New York Times,Displaced Gazans Face More Misery as Torrential Rain Lashes Enclave,https://www.nytimes.com/2025/11/15/world/middleeast/gazan-winter-tent-camps.html
2025-11-16T12:02:44Z,NBC News,"Heavy rain floods camps in Gaza, worsening conditions for displaced Palestinians",https://www.nbcnews.com/world/gaza/heavy-rain-floods-camps-gaza-worsening-conditions-displaced-palestinia-rcna244171
2025-11-15T18:42:00Z,AP News,Congo and M23 rebels sign framework for peace deal in latest bid to end decades-long conflict,https://apnews.com/article/congo-m23-peace-framework-agreement-2fdafd8b1f12b55e6311d9619fa42884
2025-11-15T18:33:31Z,Reuters,"Congo, M23 sign framework for peace in Qatar, more steps needed",https://www.reuters.com/world/africa/congo-m23-sign-framework-agreement-peace-deal-qatar-2025-11-15/
2025-11-15T13:58:22Z,Al Jazeera,"DRC, Rwanda-backed M23 sign framework deal for peace after talks in Qatar",https://www.aljazeera.com/news/2025/11/15/drc-rwanda-backed-m23-sign-framework-deal-for-peace-after-talks-in-qatar
2025-11-15T17:12:16Z,BBC,DR Congo and M23 rebels sign framework for peace in Qatar,https://www.bbc.com/news/articles/cwy7zlngwepo
2025-11-16T14:29:21Z,France 24,Israeli soldiers shoot at UN peacekeepers in southern Lebanon,https://www.france24.com/en/middle-east/20251116-israeli-soldiers-shoot-un-peacekeepers-southern-lebanon
2025-11-16T20:26:12Z,UN News,"Lebanon: UN peacekeeping patrol targeted by Israeli tank, IDF blames 'misidentification'",https://news.un.org/en/story/2025/11/1166378
2025-11-16T16:30:00Z,Al Jazeera,UN peacekeepers say Israeli forces fire on them in southern Lebanon,https://www.aljazeera.com/news/2025/11/16/un-peacekeepers-say-israeli-forces-fired-on-them-in-southern-lebanon
2025-11-16T14:38:00Z,The Times of Israel,"UNIFIL troops in Lebanon come under fire from IDF, which says it 'misidentified' them",https://www.timesofisrael.com/unifil-troops-in-lebanon-come-under-fire-from-idf-which-says-it-misidentified-them/
2025-11-16T15:55:00Z,The Times of Israel,"Netanyahu breaks silence on burgeoning settler violence, vows 'forceful action'",https://www.timesofisrael.com/netanyahu-breaks-silence-on-burgeoning-settler-violence-vows-forceful-action/
2025-11-14T14:18:17Z,The New York Times,A Bloody Month in the West Bank Olive Harvest Leads to the Death of a Boy,https://www.nytimes.com/2025/11/14/world/middleeast/west-bank-settler-violence-olive-harvest.html
2025-11-14T22:01:26Z,BBC,Record settler attacks in West Bank opening up rifts within Israel,https://www.bbc.com/news/articles/cwykze63r2xo
2025-11-13T14:16:29Z,CNN,Israeli settlers torch mosque and spray graffiti in latest West Bank attack,https://www.cnn.com/2025/11/13/middleeast/west-bank-mosque-graffiti-settlers-intl
2025-11-16T10:22:45Z,BBC,Nearly 70 schools to close in Australia over fears of asbestos in play sand,https://www.bbc.com/news/articles/cnve03m0d94o
2025-11-17T00:45:50Z,The New York Times,Dozens of Australian Schools Close Over Asbestos Fears,https://www.nytimes.com/2025/11/16/world/australia/schools-asbestos-sand.html
2025-11-17T01:13:00Z,The Guardian,Schools close in New Zealand after play sand recalled over asbestos fears,https://www.theguardian.com/world/2025/nov/17/schools-close-in-new-zealand-after-play-sand-recalled-over-asbestos-fears
2025-11-16T13:40:50Z,NBC News,Asbestos-contaminated sand fears close dozens of schools in Australia,https://www.nbcnews.com/world/australia/asbestos-contaminated-sand-fears-close-dozens-schools-australia-rcna244175
2025-11-16T16:07:00Z,politico.eu,"Ukraine working on prisoner exchange with Russia, Zelenskyy says",https://www.politico.eu/article/ukraine-working-prisoner-exchange-russia-volodymyr-zelenskyy/
2025-11-16T21:53:23Z,Euronews.com,"Ukraine aims to restart prisoner exchanges with Russia, says Zelenskyy",https://www.euronews.com/2025/11/16/a-possible-prisoner-of-war-exchange-in-sight-zelenskyy-announces-progress
2025-11-16T15:13:34Z,Al Jazeera,Zelenskyy says Ukraine working on new prisoner exchange with Russia,https://www.aljazeera.com/news/2025/11/16/zelenskyy-says-ukraine-working-on-new-prisoner-exchange-with-russia
2025-11-16T06:32:00Z,Reuters,"Ukraine seeking exchange of 1,200 prisoners with Russia",https://www.reuters.com/world/europe/ukraine-seeking-exchange-1200-prisoners-with-russia-2025-11-16/
2025-11-15T22:05:26Z,NPR,China's astronauts land safely after space debris collision,https://www.npr.org/2025/11/15/nx-s1-5608381/chinas-astronauts-land-safely-after-space-debris-collision
2025-11-14T21:04:05Z,Time Magazine,China's Imperiled Astronauts Illustrate the Dangers of Space Debris,https://time.com/7334178/chinese-taikonauts-stranded-space-debris-astronauts/
2025-11-14T09:32:39Z,SpaceNews,Shenzhou-20 astronauts safely return to Earth on Shenzhou-21 spacecraft after space debris damage concerns,https://spacenews.com/shenzhou-20-astronauts-safely-return-to-earth-on-shenzhou-21-spacecraft-after-space-debris-damage-concerns/
2025-11-14T18:15:51Z,PBS,Chinese astronauts return from space station after delay blamed on space debris damage,https://www.pbs.org/newshour/science/chinese-astronauts-return-from-space-station-after-delay-blamed-on-space-debris-damage
2025-11-16T19:18:00Z,politico.eu,"Ukraine has 'no chance' of winning war, Hungary's Orb√°n says",https://www.politico.eu/article/hungary-viktor-orban-war-ukraine-russia-finance-eu/
2025-11-15T14:31:00Z,The Guardian,Viktor Orb√°n begins 'anti-war roadshow' as Hungary gears up for 2026 elections,https://www.theguardian.com/world/2025/nov/15/viktor-orban-hungary-2026-election-campaign-fidesz
2025-11-16T03:08:37Z,Hindustan Times,"NATO rebel officially leaves alliance, joins Russia with 'Ukraine not sovereign nation' declaration?",https://www.hindustantimes.com/videos/nato-rebel-officially-leaves-alliance-joins-russia-with-ukraine-not-sovereign-nation-declaration-101763262455422.html
2025-11-16T14:42:40Z,–£–∫—Ä–∞—ó–Ω—Å—å–∫—ñ –ù–∞—Ü—ñ–æ–Ω–∞–ª—å–Ω—ñ –ù–æ–≤–∏–Ω–∏,"Orban called fears of a Russian attack on Europe ""ridiculous""",https://unn.ua/en/news/orban-called-fears-of-a-russian-attack-on-europe-ridiculous
2025-11-16T10:30:00Z,Middle East Eye,South African activists allege Israel used shadowy NGO to 'traffic' Palestinians from Gaza,https://www.middleeasteye.net/news/south-africa-activists-allege-israel-used-group-transfer-palestinians-from-gaza
2025-11-17T03:54:32Z,Al Jazeera,What's the shadowy organisation taking Gaza Palestinians to South Africa?,https://www.aljazeera.com/news/2025/11/16/whats-the-shadowy-organisation-taking-gaza-palestinians-to-south-africa
2025-11-14T17:38:00Z,AP News,South Africa investigates mystery of a plane that arrived with more than 150 Palestinians from Gaza,https://apnews.com/article/palestinians-israel-gaza-refugee-asyslum-south-africa-7d5dcbacae38e3564f77e0576a9eaaa1
2025-11-16T02:43:39Z,News24,The Israeli links behind Palestinian refugee flights,https://www.news24.com/citypress/news/israel-hoped-to-embarrass-sa-with-plane-carrying-palestinians-20251115-1141
2025-11-16T14:55:32Z,centcom.mil,Iranian Forces Illegally Seize Commercial Tanker in International Waters,https://www.centcom.mil/MEDIA/PRESS-RELEASES/Press-Release-View/Article/4332632/iranian-forces-illegally-seize-commercial-tanker-in-international-waters/
2025-11-15T00:51:07Z,Institute for the Study of War,"Iran Update, November 14, 2025",https://understandingwar.org/research/middle-east/iran-update-november-14-2025/
2025-11-15T13:57:25Z,BBC,Iran confirms it seized tanker in Strait of Hormuz,https://www.bbc.com/news/articles/cze6zxjw3g3o
2025-11-15T12:32:17Z,Al Jazeera,IRGC says tanker seized near Iran's waters based on judicial order,https://www.aljazeera.com/news/2025/11/15/irgc-says-tanker-seized-near-irans-waters-based-on-judicial-order
2025-11-16T19:00:00Z,Politico,'Additional promises mean nothing': The awkward flaw in the world's climate talks,https://www.politico.com/news/2025/11/16/past-promises-haunt-brazils-climate-summit-cop30-00650933
2025-11-13T04:16:37Z,Climate Action Tracker,Little change in warming outlook for four years; new 2035 climate targets make no difference,https://climateactiontracker.org/publications/warming-projections-global-update-2025/
2025-11-12T11:01:26Z,The Economist,The world will fail to meet the Paris agreement's ambitious climate target,https://www.economist.com/the-world-ahead/2025/11/12/the-world-will-fail-to-meet-the-paris-agreements-ambitious-climate-target
2025-11-09T17:31:00Z,AP News,Landmark Paris Agreement set a path to slow warming. The world hasn't stayed on it,https://apnews.com/article/climate-negotiations-agreement-paris-brazil-warming-harms-d56626cd6f7f1f8e5c1a9afbde9d5198
2025-11-17T01:28:00Z,AP News,"Israeli leader insists there can be no Palestinian state, ahead of UN vote leaving that door open",https://apnews.com/article/israel-hamas-gaza-war-west-bank-news-11-16-2025-197194a1016a848eeb30e8542b36072b
2025-11-16T13:20:58Z,Reuters,Netanyahu faces far-right backlash after US-backed statement on Palestinian state,https://www.reuters.com/world/middle-east/netanyahu-faces-far-right-backlash-after-us-backed-statement-palestinian-state-2025-11-16/
2025-11-16T22:16:56Z,Politico,Israeli leader insists there can be no Palestinian state,https://www.politico.com/news/2025/11/16/israel-netanyahu-palestine-united-nations-00653961
2025-11-16T18:56:15Z,Al Jazeera,Israel pushes US to close door on Palestinian statehood before UNSC vote,https://www.aljazeera.com/news/2025/11/16/israel-pushes-us-to-close-door-on-palestinian-statehood-before-un-vote
2025-11-16T04:49:26Z,abcnews.go.com,A slowing wartime economy pushes the Kremlin to tap consumers for revenue,https://abcnews.go.com/International/wireStory/slowing-wartime-economy-pushes-kremlin-tap-consumers-revenue-127565813
2025-11-15T20:18:47Z,Euromaidan Press,Ukraine blows road to stop Russian infiltrations in Pokrovsk from northwest (VIDEO),https://euromaidanpress.com/2025/11/15/ukraine-blows-road-to-stop-russian-infiltrations-in-pokrovsk-from-northwest-video/
2025-11-16T05:00:02Z,CNN,"From Bakhmut to Pokrovsk, here's how Russian tactics have shifted",https://www.cnn.com/2025/11/16/world/pokrovsk-russia-ukraine-tactics-intl
2025-11-13T10:54:53Z,The New York Times,What Our Photographer Saw as a Safe City Became a Blood Bath,https://www.nytimes.com/2025/11/13/world/europe/ukraine-russia-pokrovsk.html
2025-11-12T04:00:00Z,The Wall Street Journal,What the Looming Fall of a Ukrainian City Says About Putin's War,https://www.wsj.com/world/russia/russia-ukraine-war-pokrovsk-9d6831a8
2025-11-16T14:20:46Z,Bloomberg.com,Ukraine Claims Strike on Rosneft Oil Refinery in Russia's Samara,https://www.bloomberg.com/news/articles/2025-11-16/ukraine-claims-strike-on-rosneft-oil-refinery-in-russia-s-samara
2025-11-17T04:26:32Z,Reuters,Oil falls after loadings resume at key Russian export hub,https://www.reuters.com/business/energy/oil-falls-after-loadings-resume-key-russian-export-hub-2025-11-17/
2025-11-16T02:33:00Z,The Guardian,Ukraine war briefing: Drones hit Russia's Ryazan oil refinery,https://www.theguardian.com/world/2025/nov/16/ukraine-war-briefing-drones-hit-russias-ryazan-oil-refinery
2025-11-14T07:04:13Z,CNN,Ukraine attacks key Russian oil hub as deadly strikes pound Kyiv,https://www.cnn.com/2025/11/14/europe/ukraine-russia-assassination-attempt-intl-hnk
2025-11-16T01:58:03Z,BBC,At least four dead after migrant boats sink in Mediterranean,https://www.bbc.com/news/articles/cgkz5k5erzgo
2025-11-16T06:28:00Z,Reuters,"At least four dead as two migrant boats capsize off Libya's coast, Red Crescent says",https://www.reuters.com/world/asia-pacific/least-four-dead-two-migrant-boats-capsize-off-libyas-coast-red-crescent-says-2025-11-15/
2025-11-16T00:54:34Z,Al Jazeera,Four killed after two boats carrying migrants capsize off Libya's coast,https://www.aljazeera.com/news/2025/11/16/four-killed-after-two-boats-carrying-migrants-capsize-off-libyas-coast
2025-11-12T16:03:25Z,The New York Times,Many Displaced Sudanese Feared Dead After Shipwreck Near Libya,https://www.nytimes.com/2025/11/12/world/africa/sudan-migrants-shipwreck-libya.html
2025-11-16T15:00:00Z,AOL.com,"The 11 Most Beautiful Countries on Earth, Ranked - According to Travelers",https://www.aol.com/articles/11-most-beautiful-countries-earth-141947188.html
2025-11-15T16:40:33Z,CNN,The fog of war: Changing weather becomes a new player on the battlefield in Ukraine,https://www.cnn.com/2025/11/15/europe/ukraine-weather-fog-war-intl
2025-11-16T02:22:21Z,Institute for the Study of War,"Russian Offensive Campaign Assessment, November 15, 2025",https://understandingwar.org/research/russia-ukraine/russian-offensive-campaign-assessment-november-15-2025/
2025-11-16T03:52:00Z,–£–∫—Ä–∞—ó–Ω—Å—å–∫–∞ –ø—Ä–∞–≤–¥–∞,ISW: Ukraine needs to rely more on traditional weapons in its defence,https://www.pravda.com.ua/eng/news/2025/11/16/8007497/
2025-11-16T20:20:00Z,Ukrinform,Ukraine's forces halt Russian attempt to break through to Novopavlivka,https://www.ukrinform.net/rubric-ato/4059416-ukraines-forces-halt-russian-attempt-to-break-through-to-novopavlivka.html
2025-11-16T22:49:26Z,Daily Kos,Ukraine's gloves have FINALLY come off-UPDATED,https://www.dailykos.com/stories/2025/11/16/2354124/-Ukraine-s-gloves-have-FINALLY-come-off
2025-11-10T14:25:29Z,Time Magazine,Ukraine Can Win the Energy War,https://time.com/7332398/ukraine-russia-energy-war-oil-gas/
2025-11-17T02:19:00Z,fakti.bg,Bloomberg: Sanctions on Rosneft and Lukoil have pushed up the price of diesel fuel in the US,https://fakti.bg/en/world/1015038-bloomberg-sanctions-on-rosneft-and-lukoil-have-pushed-up-the-price-of-diesel-fuel-in-the-us
2025-11-14T21:14:00Z,TVP World,Ukrainian air strikes force Russia to use reserve refining capacity,https://tvpworld.com/90023800/russia-adapts-to-ukraine-oil-attacks-with-reserve-refining-capacity
2025-11-15T19:34:00Z,AP News,Pope returns 62 artifacts to Indigenous peoples from Canada as part of reckoning with colonial past,https://apnews.com/article/vatican-canada-indigenous-artifacts-pope-37194143ef3b0d9648dda61e44d7065a
2025-11-15T19:28:22Z,BBC,Vatican returns dozens of indigenous artefacts to Canada,https://www.bbc.com/news/articles/c93xv530kxeo
2025-11-15T12:56:15Z,Al Jazeera,Vatican returns 62 items taken from Indigenous communities in Canada,https://www.aljazeera.com/news/2025/11/15/vatican-returns-62-items-taken-from-indigenous-communities-in-canada
2025-11-15T19:31:53Z,The New York Times,Vatican to Return Indigenous Cultural Items to Canada Taken a Century Ago,https://www.nytimes.com/2025/11/15/world/canada/vatican-return-indigenous-canada-artifacts.html
2025-11-16T14:02:25Z,dw.com,What DNA analysis really reveals about Hitler's health,https://www.dw.com/en/hitlers-dna-what-analysis-really-reveals-about-the-dictators-health/a-74761371
2025-11-13T13:20:00Z,CBS News,"Hitler's DNA reveals Nazi leader likely had syndrome that can affect genitals, researchers say",https://www.cbsnews.com/news/adolf-hitler-dna-reveals-nazi-likely-kallmann-syndrome-genitals-micropenis/
2025-11-13T10:02:00Z,The Guardian,Did Hitler really have a 'micropenis'? The dubious documentary analysing the dictator's DNA,https://www.theguardian.com/tv-and-radio/2025/nov/13/did-hitler-really-have-a-micropenis-hitlers-dna-channel-4-documentary
2025-11-16T13:00:00Z,People.com,"Adolf Hitler Had a Rare Genetic Sexual Disorder, According to DNA Analysis",https://people.com/adolf-hitler-had-rare-genetic-sexual-disorder-according-to-dna-analysis-11849931
2025-11-16T10:55:32Z,BBC,Button that dogs can push allows them control home appliances,https://www.bbc.com/news/articles/cdx40veg5kdo
2025-11-14T06:00:46Z,Daily Mail,Now your DOG can make you a cuppa! Scientists develop a button that allows your pet to switch the kettle on,https://www.dailymail.co.uk/sciencetech/article-15288251/DOG-button-turn-kettle-on.html
2025-11-13T14:41:00Z,Milton Keynes Citizen,Milton Keynes Open University launches special device to enable DOGS to control household appliances,https://www.miltonkeynes.co.uk/news/people/milton-keynes-open-university-launches-special-device-to-enable-dogs-to-control-household-appliances-5401398
2025-11-14T10:06:29Z,MKFM,Dog push button created by Milton Keynes scientists,https://www.mkfm.com/news/local-news/dog-push-button-created-by-milton-keynes-scientists/



