Date,Website,Title,Description,URL
2025-12-24T17:33:55Z,ABC News,Average US long-term mortgage rate ticks down to 6.18% this week,Average US long-term mortgage rate ticks down to 6.18% this week,https://abcnews.go.com/Business/wireStory/average-us-long-term-mortgage-rate-ticks-618-128681701
2025-12-24T18:03:00Z,Fox Business,Mortgage rates fall ahead of Christmas holiday,Mortgage rates fall ahead of Christmas holiday,https://www.foxbusiness.com/economy/mortgage-rates-december-24-2025
2025-12-24T17:12:33Z,Yahoo Finance,When will mortgage rates go down? Rates are holding steady to close out the year.,When will mortgage rates go down? Rates are holding steady to close out the year.,https://finance.yahoo.com/personal-finance/mortgages/article/when-will-mortgage-rates-go-down-rates-are-holding-steady-to-close-out-the-year-190610364.html
2025-12-24T14:56:16Z,Realtor.com,"Mortgage Interest Rates Today: Rates Fall to 6.18%, Reflecting an Up-and-Down Bond Market","Mortgage Interest Rates Today: Rates Fall to 6.18%, Reflecting an Up-and-Down Bond Market",https://www.realtor.com/news/trends/mortgage-interest-rates-now-december-24-2025/
2025-12-24T10:34:00Z,The Guardian,BP to sell majority stake in $10bn Castrol business to US investment firm,BP to sell majority stake in $10bn Castrol business to US investment firm,https://www.theguardian.com/business/2025/dec/24/bp-agrees-deal-to-sell-74bn-stake-in-castrol-to-us-investment-firm
2025-12-24T07:23:00Z,The Wall Street Journal,BP Agrees to Sell Majority of Castrol Lubricants Unit to Stonepeak,BP Agrees to Sell Majority of Castrol Lubricants Unit to Stonepeak,https://www.wsj.com/business/energy-oil/bp-is-near-deal-to-sell-majority-stake-in-castrol-to-stonepeak-in-10-billion-deal-9b75efc6
2025-12-24T11:15:42Z,BBC,BP sells stake in motor oil arm Castrol in $6bn deal,BP sells stake in motor oil arm Castrol in $6bn deal,https://www.bbc.com/news/articles/c93wekx37g4o
2025-12-24T07:05:41Z,Stonepeak,Stonepeak to Acquire Majority Controlling Interest in Castrol from bp,Stonepeak to Acquire Majority Controlling Interest in Castrol from bp,https://stonepeak.com/news/stonepeak-to-acquire-majority-controlling-interest-in-castrol-from-bp
2025-12-24T21:38:00Z,Investor's Business Daily,"Dow Jones, S&P 500 Hit Record Highs Heading Into Christmas Holiday","Dow Jones, S&P 500 Hit Record Highs Heading Into Christmas Holiday",https://www.investors.com/market-trend/stock-market-today/dow-jones-futures-sp-500-highs-christmas-holiday/
2025-12-23T23:09:00Z,CNBC,S&P 500 closes at another fresh record in holiday-shortened session: Live updates,S&P 500 closes at another fresh record in holiday-shortened session: Live updates,https://www.cnbc.com/2025/12/23/stock-market-today-live-updates.html
2025-12-24T18:40:45Z,Yahoo Finance,"Stock market today: Dow, S&P 500 notch records, Nasdaq gains as Wall Street flies high into Christmas holiday","Stock market today: Dow, S&P 500 notch records, Nasdaq gains as Wall Street flies high into Christmas holiday",https://finance.yahoo.com/news/live/stock-market-today-dow-sp-500-nasdaq-waver-as-wall-street-flies-high-into-christmas-holiday-230346297.html
2025-12-24T20:22:00Z,AP News,US stocks drift to more records on a holiday-shortened day of trading,US stocks drift to more records on a holiday-shortened day of trading,https://apnews.com/article/stocks-markets-rates-trump-inflation-5f45b74c3fa380ead5251e63f854e651
2025-12-24T10:00:00Z,Politico,Trump's 'Golden Age' has arrived for the top 10 percent,Trump's 'Golden Age' has arrived for the top 10 percent,https://www.politico.com/news/2025/12/24/its-boom-times-for-trumps-economy-especially-if-youre-rich-00704816
2025-12-24T10:00:59Z,CNN,Why so many Americans dislike this fast-growing economy,Why so many Americans dislike this fast-growing economy,https://www.cnn.com/2025/12/24/economy/us-economy-affordability-gdp
2025-12-23T15:01:22Z,The New York Times,Opinion | 3 Theories for Why G.D.P. Is Up but Job Growth Is Slowing,Opinion | 3 Theories for Why G.D.P. Is Up but Job Growth Is Slowing,https://www.nytimes.com/2025/12/23/opinion/gdp-numbers-economy-job-numbers.html
2025-12-24T12:42:27Z,CNBC,"Economy grows, chip tariff delay, new S&P 500 record and more in Morning Squawk","Economy grows, chip tariff delay, new S&P 500 record and more in Morning Squawk",https://www.cnbc.com/2025/12/24/economy-grows-chip-tariff-delay-new-sp-500-record-and-more-in-morning-squawk.html
2025-12-24T07:28:56Z,NPR,Powerball's $1.7B jackpot could make Christmas Eve unforgettable for a lucky winner,Powerball's $1.7B jackpot could make Christmas Eve unforgettable for a lucky winner,https://www.npr.org/2025/12/24/g-s1-103610/powerball-jackpot-christmas-eve
2025-12-25T01:00:00Z,Lohud,"Powerball winning numbers for Wednesday, December 24, 2025","Powerball winning numbers for Wednesday, December 24, 2025",https://www.lohud.com/story/news/2025/12/24/powerball-winning-numbers-wednesday-december-24-2025-did-anyone-win-jackpot-1-7-billion/87906467007/
2025-12-24T22:32:25Z,Fox 59,Seven Hoosiers win big playing Powerball,Seven Hoosiers win big playing Powerball,https://fox59.com/news/seven-hoosiers-win-big-playing-powerball/
2025-12-23T17:52:14Z,Yahoo Finance,Financial experts warn future winner of the $1.7 billion Powerball: Don't make these common money mistakes,Financial experts warn future winner of the $1.7 billion Powerball: Don't make these common money mistakes,https://finance.yahoo.com/news/financial-experts-warn-future-winner-175214867.html
2025-12-24T20:36:06Z,The New York Times,Trump Tosses Lifelines to the Struggling Coal Industry,Trump Tosses Lifelines to the Struggling Coal Industry,https://www.nytimes.com/2025/12/24/climate/coal-plant-closures-indiana.html
2025-12-24T22:06:00Z,WFIE | 14 News,Trump administration orders CenterPoint plant to keep burning coal in Newburgh,Trump administration orders CenterPoint plant to keep burning coal in Newburgh,https://www.14news.com/2025/12/24/trump-administration-orders-centerpoint-plant-keep-burning-coal-newburgh/
2025-12-24T16:17:33Z,Utility Dive,DOE orders Indiana coal units totaling more than 950 MW to run past retirement dates,DOE orders Indiana coal units totaling more than 950 MW to run past retirement dates,https://www.utilitydive.com/news/doe-indiana-coal-nipsco-centerpoint-emergency-order/808660/
2025-12-24T20:04:33Z,Indiana Capital Chronicle,Trump administration orders 2 Indiana power plants to keep burning coal,Trump administration orders 2 Indiana power plants to keep burning coal,https://indianacapitalchronicle.com/2025/12/24/trump-administration-orders-2-indiana-power-plants-to-keep-burning-coal/
2025-12-24T16:25:00Z,9to5Mac,"Tim Cook just bought 50,000 Nike shares, and investors noticed","Tim Cook just bought 50,000 Nike shares, and investors noticed",https://9to5mac.com/2025/12/24/tim-cook-just-bought-50000-nike-shares-investors-noticed/
2025-12-24T00:01:00Z,Barron's,Apple CEO Tim Cook Buys $3 Million of Nike Stock. The Shares Are Rising.,Apple CEO Tim Cook Buys $3 Million of Nike Stock. The Shares Are Rising.,https://www.barrons.com/articles/apple-ceo-tim-cook-buys-nike-stock-5ad493a0
2025-12-24T11:47:37Z,Seeking Alpha,Nike gains after Apple's Tim Cook buys the dip (NKE:NYSE),Nike gains after Apple's Tim Cook buys the dip (NKE:NYSE),https://seekingalpha.com/news/4534976-nike-gains-after-apples-tim-cook-buys-the-dip
2025-12-24T18:20:12Z,Forbes,Nike Shares Up 4% After Tim Cook Doubles Stake In Sports Retailer,Nike Shares Up 4% After Tim Cook Doubles Stake In Sports Retailer,https://www.forbes.com/sites/antoniopequenoiv/2025/12/24/nike-shares-pop-after-tim-cook-nearly-doubles-stake-in-the-athletic-apparel-giant/
2025-12-24T21:48:54Z,CNN,Gold is set for its best year since Jimmy Carter was president,Gold is set for its best year since Jimmy Carter was president,https://www.cnn.com/2025/12/24/investing/gold-price-futures-soar
2025-12-24T19:08:10Z,Reuters,"Gold, silver and platinum take a breather after record rally","Gold, silver and platinum take a breather after record rally",https://www.reuters.com/world/india/gold-tops-4500-silver-platinum-hit-records-metal-markets-frenzy-2025-12-24/
2025-12-24T13:20:00Z,Yahoo Finance,This one Costco item has skyrocketed 108% in price over just 2 years. Now the retail giant is restricting purchases,This one Costco item has skyrocketed 108% in price over just 2 years. Now the retail giant is restricting purchases,https://finance.yahoo.com/news/one-costco-item-skyrocketed-108-132000951.html
2025-12-23T14:49:31Z,Euronews.com,Year of the metals: Venezuela tensions send gold and silver soaring,Year of the metals: Venezuela tensions send gold and silver soaring,https://www.euronews.com/business/2025/12/23/year-of-the-metals-venezuela-tensions-send-gold-and-silver-soaring
2025-12-23T16:29:53Z,ABC7 Los Angeles,"What's open on Christmas Day 2025? And what's closed? Here's what to know about pharmacies, grocery stores, and more","What's open on Christmas Day 2025? And what's closed? Here's what to know about pharmacies, grocery stores, and more",https://abc7.com/post/whats-open-christmas-day-2025-closed-heres-what-know-pharmacies-grocery-stores-more/18306944/
2025-12-24T13:01:00Z,USA Today,When does Walmart open and close on Christmas Eve 2025? See store hours,When does Walmart open and close on Christmas Eve 2025? See store hours,https://www.usatoday.com/story/grocery/stores/2025/12/24/walmart-hours-christmas-eve-2025/87824284007/
2025-12-24T18:23:00Z,Fox Business,Where you can shop for your last-minute Christmas needs,Where you can shop for your last-minute Christmas needs,https://www.foxbusiness.com/economy/where-you-can-shop-your-last-minute-christmas-needs
2025-12-24T16:10:29Z,NBC 5 Dallas-Fort Worth,"Here's what stores are open, and which ones are closed, on Christmas","Here's what stores are open, and which ones are closed, on Christmas",https://www.nbcdfw.com/news/national-international/open-closed-christmas/3960443/
2025-12-23T12:46:45Z,CNBC,"Novo Nordisk's new obesity pill, Alphabet's data center deal, the end of EV euphoria and more in Morning Squawk","Novo Nordisk's new obesity pill, Alphabet's data center deal, the end of EV euphoria and more in Morning Squawk",https://www.cnbc.com/2025/12/23/morning-squawk.html
2025-12-24T23:19:52Z,Reuters,Weight-loss pill approval set to accelerate food industry product overhauls,Weight-loss pill approval set to accelerate food industry product overhauls,https://www.reuters.com/business/healthcare-pharmaceuticals/weight-loss-pill-approval-set-accelerate-food-industry-product-overhauls-2025-12-24/
2025-12-23T10:27:45Z,NPR,U.S. regulators approve Wegovy pill for weight loss,U.S. regulators approve Wegovy pill for weight loss,https://www.npr.org/2025/12/23/g-s1-103424/us-approve-pill-for-weight-loss
2025-12-22T23:17:58Z,CNN,"With FDA approval of Wegovy pill, new era of oral GLP-1 weight loss drugs begins","With FDA approval of Wegovy pill, new era of oral GLP-1 weight loss drugs begins",https://www.cnn.com/2025/12/22/health/wegovy-pill-glp1-weight-loss-drugs
2025-12-24T15:13:00Z,CBS News,We asked experts to rate the U.S. economy in 2025. Here's what they said.,We asked experts to rate the U.S. economy in 2025. Here's what they said.,https://www.cbsnews.com/news/economists-grade-us-economy-2025/
2025-12-24T02:04:00Z,The Wall Street Journal,"The U.S. Economy Keeps Powering Ahead, Defying Dire Predictions","The U.S. Economy Keeps Powering Ahead, Defying Dire Predictions",https://www.wsj.com/economy/consumers/the-u-s-economy-keeps-powering-ahead-defying-dire-predictions-f064a402
2025-12-23T10:03:56Z,The New York Times,'This Is Something That Traditional Economics Isn't Prepared to Deal With','This Is Something That Traditional Economics Isn't Prepared to Deal With',https://www.nytimes.com/2025/12/23/opinion/ezra-klein-podcast-alloway-weisenthal.html
2025-12-17T10:01:05Z,Marist Poll,"Polls, Analysis, Learning, and More","Polls, Analysis, Learning, and More",https://maristpoll.marist.edu/polls/2026-economic-outlook-december-2025/
2025-12-23T07:11:13Z,CNN,US bans new foreign drone models in a blow to Chinese giant DJI,US bans new foreign drone models in a blow to Chinese giant DJI,https://www.cnn.com/2025/12/23/business/us-ban-foreign-drones-dji-intl-hnk
2025-12-23T01:46:00Z,The Wall Street Journal,"U.S. Bans New China-Made Drones, Sparking Outrage Among Pilots","U.S. Bans New China-Made Drones, Sparking Outrage Among Pilots",https://www.wsj.com/politics/national-security/u-s-bans-new-china-made-drones-sparking-outrage-among-pilots-1624e32a
2025-12-22T23:52:59Z,Politico,"FCC bans foreign-made drones over national security, spying concerns","FCC bans foreign-made drones over national security, spying concerns",https://www.politico.com/news/2025/12/22/fcc-drone-ban-dji-00703742
2025-12-23T08:03:00Z,Dronelife,"FCC Adds Foreign-Made Drones and Components to Covered List, Citing National Security Risks: the ""DJI Ban""","FCC Adds Foreign-Made Drones and Components to Covered List, Citing National Security Risks: the ""DJI Ban""",https://dronelife.com/2025/12/22/fcc-adds-foreign-made-drones-and-components-to-covered-list-citing-national-security-risks/
2025-12-23T21:56:14Z,6abc Philadelphia,AAA says holiday travel expected to hit 24‑year high as snow slows roads across region,AAA says holiday travel expected to hit 24‑year high as snow slows roads across region,https://6abc.com/post/aaa-says-holiday-travel-expected-hit-24year-high-snow-slows-roads-region/18309964/
2025-12-19T11:39:14Z,WRAL,"Lower gas prices a gift for holiday travelers: By air or road, what to know before you go","Lower gas prices a gift for holiday travelers: By air or road, what to know before you go",https://www.wral.com/news/state/busy-holiday-travel-season-starts-road-preparation-dec-2025/
2025-12-24T16:06:35Z,fox5sandiego.com,Holiday travel set to break records as rain raises safety concerns,Holiday travel set to break records as rain raises safety concerns,https://fox5sandiego.com/news/local-news/san-diego/holiday-travel-safety-precautions/
2025-12-23T20:47:34Z,Baton Rouge Business Report,The skies are jammed: Record holiday traffic meets higher fares,The skies are jammed: Record holiday traffic meets higher fares,https://www.businessreport.com/article/the-skies-are-jammed-record-holiday-traffic-meets-higher-fares
2025-12-24T05:00:20Z,Financial Times,'The gap is widening': inside Donald Trump's K-shaped economy,'The gap is widening': inside Donald Trump's K-shaped economy,https://www.ft.com/content/49274d50-d781-45d5-a4cd-9ab00986d033
2025-12-19T10:02:13Z,The New York Times,When Did Everything Become 'K-Shaped'?,When Did Everything Become 'K-Shaped'?,https://www.nytimes.com/2025/12/19/business/k-shaped-economy.html
2025-12-24T15:29:00Z,Fortune,GDP data confirms the Gen Z nightmare: the era of jobless growth is here,GDP data confirms the Gen Z nightmare: the era of jobless growth is here,https://fortune.com/2025/12/24/k-shaped-economy-2026-stagflation-diane-swonk/
2025-12-24T11:08:30Z,Yahoo Finance,Consumer spending powers the US economy. A K-shaped economy will further test this dynamic in 2026.,Consumer spending powers the US economy. A K-shaped economy will further test this dynamic in 2026.,https://finance.yahoo.com/news/consumer-spending-powers-the-us-economy-a-k-shaped-economy-will-further-test-this-dynamic-in-2026-110830708.html
2025-12-23T18:39:00Z,Fortune,Larry Ellison's $40 billion pledge to son's Paramount deal shows a shift in billionaire giving,Larry Ellison's $40 billion pledge to son's Paramount deal shows a shift in billionaire giving,https://fortune.com/2025/12/23/larry-ellison-40-billion-pledge-son-paramount-philanthropy-capitalism/
2025-12-25T01:08:16Z,The New York Times,A Father and Son's $108 Billion Hostile Bid for Warner Bros. Discovery,A Father and Son's $108 Billion Hostile Bid for Warner Bros. Discovery,https://www.nytimes.com/2025/12/24/business/media/larry-david-ellison-warner-bros-discovery-cbs.html
2025-12-24T23:15:00Z,Deadline,"Paramount's Amended Offer ""Not Sufficient,"" Major Warner Bros. Discovery Shareholder Says","Paramount's Amended Offer ""Not Sufficient,"" Major Warner Bros. Discovery Shareholder Says",https://deadline.com/2025/12/paramount-offer-warner-bros-discovery-shareholder-reaction-1236656716/
2025-12-22T15:37:45Z,Yahoo Finance,"Billionaire Larry Ellison comes to his son's rescue, agreeing to personally guarantee over $40 billion to finance Paramount's bid for Warner Bros.","Billionaire Larry Ellison comes to his son's rescue, agreeing to personally guarantee over $40 billion to finance Paramount's bid for Warner Bros.",https://finance.yahoo.com/news/billionaire-larry-ellison-comes-son-153745358.html
2025-12-24T10:00:00Z,CBS News,"What's open on Christmas Eve 2025? Stores, fast-food places and more major chains you can visit today","What's open on Christmas Eve 2025? Stores, fast-food places and more major chains you can visit today",https://www.cbsnews.com/news/open-christmas-eve-2025/
2025-12-22T20:02:00Z,USA Today,"What restaurants are open Christmas Eve? Chipotle, Chick-fil-A, Wendy's","What restaurants are open Christmas Eve? Chipotle, Chick-fil-A, Wendy's",https://www.usatoday.com/story/money/food/2025/12/22/restaurants-open-christmas-eve-2025/87795264007/
2025-12-25T00:39:50Z,TODAY.com,"Restaurants Open on Christmas 2025: McDonald's, Wendy's and More Holiday Hours","Restaurants Open on Christmas 2025: McDonald's, Wendy's and More Holiday Hours",https://www.today.com/food/holidays/restaurants-open-christmas-2025-holiday-hours-rcna250461
2025-12-24T15:51:00Z,13WMAZ,Looking for a place to eat on Christmas Day? Here's some of the restaurants and fast food places open on the holiday,Looking for a place to eat on Christmas Day? Here's some of the restaurants and fast food places open on the holiday,https://www.13wmaz.com/article/life/food/central-georgia-eats/list-of-restaurants-and-fast-food-places-open-on-christmas-day/93-4fdc0a29-62f7-4de0-b4fd-3450be7a2502
2025-12-23T17:01:44Z,Financial Times,US accuses China of unfair chip trade practices,US accuses China of unfair chip trade practices,https://www.ft.com/content/a1274e4a-baf3-4f63-82f6-2758af1aa745
2025-12-23T17:31:06Z,CNBC,U.S. pushes additional tariffs on Chinese chips to June 2027,U.S. pushes additional tariffs on Chinese chips to June 2027,https://www.cnbc.com/2025/12/23/us-china-chip-tariffs.html
2025-12-23T21:36:57Z,Bloomberg.com,US Holds Off on New Chinese Chip Tariffs Amid Trump-Xi Truce,US Holds Off on New Chinese Chip Tariffs Amid Trump-Xi Truce,https://www.bloomberg.com/news/articles/2025-12-23/us-holds-off-on-new-chinese-chip-tariffs-amid-trump-xi-truce
2025-12-24T13:00:24Z,South China Morning Post,China vows to retaliate against 'unreasonable' US semiconductor tariffs,China vows to retaliate against 'unreasonable' US semiconductor tariffs,https://www.scmp.com/news/china/diplomacy/article/3337653/china-vows-retaliate-against-unreasonable-us-semiconductor-tariffs
2025-12-23T20:04:13Z,Reuters,US dollar retreats as prospect of Fed rate cuts overshadows growth data,US dollar retreats as prospect of Fed rate cuts overshadows growth data,https://www.reuters.com/world/asia-pacific/us-dollar-trims-losses-after-stronger-than-expected-growth-data-2025-12-23/
2025-12-23T12:10:25Z,Morningstar,What a Weaker US Dollar Means for Investors in 2026 and Beyond,What a Weaker US Dollar Means for Investors in 2026 and Beyond,https://www.morningstar.com/economy/what-weaker-us-dollar-means-investors-2026-beyond
2025-12-24T15:06:16Z,TipRanks,"U.S. Dollar's Weakness is a 'Turning Point,' Says Morningstar","U.S. Dollar's Weakness is a 'Turning Point,' Says Morningstar",https://www.tipranks.com/news/u-s-dollars-weakness-is-a-turning-point-says-morningstar
2025-12-23T14:47:31Z,CoinDesk,Bitcoin price analysis: Struggling dollar hasn't yet boosted BTC,Bitcoin price analysis: Struggling dollar hasn't yet boosted BTC,https://www.coindesk.com/markets/2025/12/23/bitcoin-bulls-eye-possible-tailwind-as-u-s-dollar-index-continues-to-leg-lower
2025-12-23T22:27:03Z,U.S. Department of the Treasury (.gov),Treasury Pairs New Markets Tax Credit Awards with Program Reforms,Treasury Pairs New Markets Tax Credit Awards with Program Reforms,https://home.treasury.gov/news/press-releases/sb0345
2025-12-24T23:16:29Z,Novogradac,NMTC Awards Hit Record Levels; Program Changes Ahead,NMTC Awards Hit Record Levels; Program Changes Ahead,https://www.novoco.com/notes-from-novogradac/nmtc-awards-hit-record-levels-program-changes-ahead
2025-12-17T16:00:00Z,Yahoo Finance,Novogradac Conference to Discuss Turning NMTC Permanence into Long-Term Impact,Novogradac Conference to Discuss Turning NMTC Permanence into Long-Term Impact,https://finance.yahoo.com/news/novogradac-conference-discuss-turning-nmtc-160000468.html
2025-12-24T01:44:02Z,The New York Times,"Texas Age-Verification Law for App Stores Is Blocked, a Win for Apple and Google","Texas Age-Verification Law for App Stores Is Blocked, a Win for Apple and Google",https://www.nytimes.com/2025/12/23/technology/texas-app-age-law-blocked.html
2025-12-23T23:27:56Z,Reuters,US judge blocks Texas app store age law meant to protect children,US judge blocks Texas app store age law meant to protect children,https://www.reuters.com/legal/government/us-judge-blocks-texas-app-store-age-law-meant-protect-children-2025-12-23/
2025-12-23T17:26:00Z,CCIA,Judge Blocks Texas's App Store Accountability Act as Unconstitutional Speech Restriction,Judge Blocks Texas's App Store Accountability Act as Unconstitutional Speech Restriction,https://ccianet.org/news/2025/12/judge-blocks-texass-app-store-accountability-act-as-unconstitutional-speech-restriction/
2025-12-23T22:20:00Z,The Texas Tribune,Federal judge temporarily blocks Texas law restricting kids from app stores,Federal judge temporarily blocks Texas law restricting kids from app stores,https://www.texastribune.org/2025/12/23/texas-app-store-child-ban-age-verification/
2025-12-24T02:01:03Z,ABC News,Families wait in line for hours to buy masa for Christmas tamales at beloved LA grocer,Families wait in line for hours to buy masa for Christmas tamales at beloved LA grocer,https://abcnews.go.com/Lifestyle/wireStory/families-wait-line-hours-buy-masa-christmas-tamales-128665505
2025-12-23T06:02:54Z,ABC7 Los Angeles,Hundreds line up at Amapola Market in Downey for tamale masa,Hundreds line up at Amapola Market in Downey for tamale masa,https://abc7.com/post/hundreds-line-amapola-market-downey-tamale-masa/18308246/
2025-12-22T15:31:58Z,KTLA,Thousands flocking to Downey for annual 'masa pilgrimage',Thousands flocking to Downey for annual 'masa pilgrimage',https://ktla.com/news/local-news/thousands-flocking-to-downey-for-annual-masa-pilgrimage/
2025-12-22T08:00:00Z,PinalCentral.com,Powerball's $1.7B jackpot could make Christmas Eve unforgettable for a lucky winner,Powerball's $1.7B jackpot could make Christmas Eve unforgettable for a lucky winner,https://www.pinalcentral.com/arizona_news/powerball-s-1-7b-jackpot-could-make-christmas-eve-unforgettable-for-a-lucky-winner/article_81b4c626-fd3b-5236-a5b4-71f8cd1b766a.html
2025-12-24T16:46:01Z,ABC News,FDA issues recall for frozen shrimp that may be contaminated with cesium-137,FDA issues recall for frozen shrimp that may be contaminated with cesium-137,https://abcnews.go.com/US/fda-issues-recall-frozen-shrimp-contaminated-cesium-137/story?id=128676592
2025-12-24T13:03:00Z,USA Today,More potentially radioactive shrimp recalled in 17 states. See list.,More potentially radioactive shrimp recalled in 17 states. See list.,https://www.usatoday.com/story/grocery/stores/2025/12/23/frozen-shrimp-recall-radioactive/87894427007/
2025-12-24T18:47:16Z,KIRO 7 News Seattle,"Bellevue seafood company recalls 80,000+ bags of shrimp over radioactive contamination concerns","Bellevue seafood company recalls 80,000+ bags of shrimp over radioactive contamination concerns",https://www.kiro7.com/news/local/bellevue-seafood-company-recalls-80000-bags-shrimp-over-radioactive-contamination-concerns/5TM743MCKRB35DTYXKVDTIRA2Q/
2025-12-23T13:22:00Z,The Hill,83K bags of frozen shrimp recalled over radioactive concerns,83K bags of frozen shrimp recalled over radioactive concerns,https://thehill.com/business/5660721-frozen-shrimp-recall-radioactive-concerns/
2025-12-23T16:14:28Z,ABC News,Consumer confidence slides in December to lowest level since US tariffs rolled out in April,Consumer confidence slides in December to lowest level since US tariffs rolled out in April,https://abcnews.go.com/Business/wireStory/consumer-confidence-slides-december-lowest-level-us-tariffs-128650863
2025-12-23T15:49:00Z,The Wall Street Journal,"Consumer Confidence Falls as Jobs, Economic Worries Persist","Consumer Confidence Falls as Jobs, Economic Worries Persist",https://www.wsj.com/economy/central-banking/consumer-confidence-falls-as-jobs-economic-worries-persist-a7827d2b
2025-12-23T21:48:23Z,Yahoo Finance,Consumer confidence slides in December as bad vibes about the economy persist,Consumer confidence slides in December as bad vibes about the economy persist,https://finance.yahoo.com/news/consumer-confidence-slides-in-december-as-bad-vibes-about-the-economy-persist-162546840.html
2025-12-23T16:03:15Z,PBS,Consumer confidence drops in December to lowest level since U.S. tariffs rolled out in April,Consumer confidence drops in December to lowest level since U.S. tariffs rolled out in April,https://www.pbs.org/newshour/economy/consumer-confidence-drops-in-december-to-lowest-level-since-u-s-tariffs-rolled-out-in-april
2025-12-23T21:00:23Z,Department of Justice (.gov),"Justice Department Reaches Proposed Consent Decree with LivCor, One of America's Largest Landlords, to Resolve Information Sharing and Algorithmic Coordination Claims","Justice Department Reaches Proposed Consent Decree with LivCor, One of America's Largest Landlords, to Resolve Information Sharing and Algorithmic Coordination Claims",https://www.justice.gov/opa/pr/justice-department-reaches-proposed-consent-decree-livcor-one-americas-largest-landlords
2025-12-24T00:02:00Z,Reuters,Blackstone's LivCor settles DOJ's rental price fixing claims,Blackstone's LivCor settles DOJ's rental price fixing claims,https://www.reuters.com/world/us-proposes-resolve-claims-against-livcor-over-alleged-anticompetitive-practices-2025-12-23/
2025-12-20T19:18:00Z,alternet.org,'Total lawlessness': Anger as Trump admin blesses 'diabolical' scheme to jack up rent costs,'Total lawlessness': Anger as Trump admin blesses 'diabolical' scheme to jack up rent costs,https://www.alternet.org/trump-ftc-anti-consumer/
2025-12-24T15:51:26Z,GuruFocus,Blackstone (BX) Rises Amid DOJ Agreement on Rent Pricing Algorit,Blackstone (BX) Rises Amid DOJ Agreement on Rent Pricing Algorit,https://www.gurufocus.com/news/4086733/blackstone-bx-rises-amid-doj-agreement-on-rent-pricing-algorithms
2025-12-23T22:41:15Z,ABC News,Raw oysters linked to ongoing salmonella outbreak infecting 64 people across 22 states: CDC,Raw oysters linked to ongoing salmonella outbreak infecting 64 people across 22 states: CDC,https://abcnews.go.com/Health/raw-oysters-linked-ongoing-salmonella-outbreak-infecting-64/story?id=128659988
2025-12-23T20:36:10Z,Centers for Disease Control and Prevention | CDC (.gov),Salmonella Outbreak Linked to Raw Oysters,Salmonella Outbreak Linked to Raw Oysters,https://www.cdc.gov/salmonella/outbreaks/oysters-12-25/index.html
2025-12-24T23:39:58Z,WTOP,Marylander among 64 sickened by multi-state outbreak of Salmonella from raw oysters,Marylander among 64 sickened by multi-state outbreak of Salmonella from raw oysters,https://wtop.com/maryland/2025/12/marylander-among-64-sickened-by-multi-state-outbreak-of-salmonella-from-raw-oysters/
2025-12-24T21:37:00Z,WALB,SAFETY ALERT: Salmonella outbreak linked to raw oysters reported in Georgia,SAFETY ALERT: Salmonella outbreak linked to raw oysters reported in Georgia,https://www.walb.com/2025/12/24/salmonella-outbreak-linked-raw-oysters-reported-georgia/
2025-12-23T20:39:07Z,The Santa Barbara Independent,Sable Offshore Gets Green Light to Restart Pipeline from Feds,Sable Offshore Gets Green Light to Restart Pipeline from Feds,https://www.independent.com/2025/12/23/sable-offshore-gets-green-light-to-restart-pipeline-from-feds/
2025-12-25T00:32:41Z,News Channel 3-12,Federal regulator approves Sable Offshore's plans to restart oil production in Santa Barbara County,Federal regulator approves Sable Offshore's plans to restart oil production in Santa Barbara County,https://keyt.com/news/santa-barbara-s-county/2025/12/24/federal-regulator-approves-sable-offshores-plans-to-restart-oil-production-in-santa-barbara-county/
2025-12-15T08:00:00Z,Yahoo Finance,Sable Offshore (SOC) Continued to Gain This Week. Here is Why,Sable Offshore (SOC) Continued to Gain This Week. Here is Why,https://finance.yahoo.com/news/sable-offshore-soc-continued-gain-145748230.html
2025-12-23T18:26:14Z,Bloomberg.com,Sable Gets Federal Nod for Controversial California Pipeline,Sable Gets Federal Nod for Controversial California Pipeline,https://www.bloomberg.com/news/articles/2025-12-23/sable-gets-federal-nod-for-controversial-california-pipeline
2025-12-24T09:24:17Z,CNBC,10-year Treasury yield moves lower as investors mull rates path following strong GDP data,10-year Treasury yield moves lower as investors mull rates path following strong GDP data,https://www.cnbc.com/2025/12/24/10-year-treasury-yields-dip-as-stronger-gdp-data-clouds-rate-path.html
2025-12-22T21:05:00Z,The Wall Street Journal,10-Year Treasury Yield Rises to 4.170%,10-Year Treasury Yield Rises to 4.170%,https://www.wsj.com/finance/investing/jgbs-fall-amid-japans-fiscal-policy-risks-9a4e6d19
2025-12-23T17:20:00Z,Seeking Alpha,Will Inflation Uncertainty Remain A Speed Bump For Rate Cuts In 2026?,Will Inflation Uncertainty Remain A Speed Bump For Rate Cuts In 2026?,https://seekingalpha.com/article/4855424-will-inflation-uncertainty-remain-speed-bump-for-rate-cuts-2026
2025-12-23T10:59:24Z,MSN,US Treasury yields decline ahead of key debt auctions,US Treasury yields decline ahead of key debt auctions,https://www.msn.com/en-us/money/markets/us-treasury-yields-decline-ahead-of-key-debt-auctions/ar-AA1SSWPG?ocid=finance-verthp-feeds
2025-12-23T18:08:24Z,Reuters,Trump says anybody that disagrees with him will never be Fed Chair,Trump says anybody that disagrees with him will never be Fed Chair,https://www.reuters.com/world/us/trump-says-anybody-that-disagrees-with-him-will-never-be-fed-chair-2025-12-23/
2025-12-23T21:34:49Z,Bloomberg.com,"Fed Should Lower Rates If the Market Does Well, Trump Says","Fed Should Lower Rates If the Market Does Well, Trump Says",https://www.bloomberg.com/news/articles/2025-12-23/trump-says-fed-chair-should-lower-rates-if-the-market-does-well
2025-12-23T06:01:14Z,BBC,Who are the frontrunners for the top Fed job?,Who are the frontrunners for the top Fed job?,https://www.bbc.com/news/articles/c4g907zekllo
2025-12-24T06:45:00Z,Al Jazeera,Trump says 'anyone who disagrees' with him will never head Federal Reserve,Trump says 'anyone who disagrees' with him will never head Federal Reserve,https://www.aljazeera.com/news/2025/12/24/trump-says-anyone-who-disagrees-with-him-will-never-head-federal-reserve
2025-12-24T13:05:00Z,NBC News,"For Texas bakery, the traditional holiday fruitcake is no joke","For Texas bakery, the traditional holiday fruitcake is no joke",https://www.nbcnews.com/news/us-news/texas-bakery-traditional-holiday-fruitcake-no-joke-rcna250537
2025-12-22T03:54:00Z,Southern Living,Jane's Famous Fruitcake Might Be The Only One You'll Actually Want To Eat,Jane's Famous Fruitcake Might Be The Only One You'll Actually Want To Eat,https://www.southernliving.com/janes-famous-fruitcake-11874142
2025-12-23T19:00:00Z,KSFR,Ode to the Fruitcake,Ode to the Fruitcake,https://www.ksfr.org/arts-culture/2025-12-19/ode-to-the-fruitcake
2025-12-24T13:52:59Z,Yahoo,Fruitcake Debate: Why People Are Split Over the Holiday Treat,Fruitcake Debate: Why People Are Split Over the Holiday Treat,https://www.yahoo.com/news/videos/fruitcake-debate-why-people-split-135259360.html
2025-12-24T14:34:54Z,Yahoo Finance,INTC: Intel Stock Falls After Nvidia Backs Out of 18A Chip Deal,INTC: Intel Stock Falls After Nvidia Backs Out of 18A Chip Deal,https://finance.yahoo.com/news/intc-intel-stock-falls-nvidia-140806180.html
2025-12-24T14:40:01Z,Yahoo Finance,Intel Shares Fall on Report Nvidia Halts Production Test,Intel Shares Fall on Report Nvidia Halts Production Test,https://finance.yahoo.com/news/intel-shares-fall-report-nvidia-131413697.html
2025-12-24T15:05:00Z,Barron's,Intel Stock Drops. Blame Nvidia.,Intel Stock Drops. Blame Nvidia.,https://www.barrons.com/articles/intel-stock-price-nvidia-today-4587b4e2
2025-12-24T12:53:27Z,Seeking Alpha,Intel shares fall after Nvidia reportedly declines to move forward with 18A manufacturing process,Intel shares fall after Nvidia reportedly declines to move forward with 18A manufacturing process,https://seekingalpha.com/news/4534981-intel-shares-fall-after-nvidia-reportedly-declines-to-move-forward-with-18a-manufacturing-process
2025-12-24T02:03:13Z,KOMO,New laws taking effect in Washington state in 2026,New laws taking effect in Washington state in 2026,https://komonews.com/news/local/new-laws-taking-effect-washington-state-in-2026-minimum-wage-cannabis-laws-nicotine-vape-tax-paid-family-leave-child-support-victims-rights-crime-prevention-politics-legislature-starts-january
2025-12-23T18:21:00Z,KING5.com,These new laws will take effect in Washington state in 2026,These new laws will take effect in Washington state in 2026,https://www.king5.com/article/news/politics/state-politics/new-laws-washington-state-2026/281-b5635cc0-0caf-4ca6-aeb9-9eaacc90a689
2025-12-23T20:47:00Z,WOWT,Nebraska's minimum wage to increase Jan. 1,Nebraska's minimum wage to increase Jan. 1,https://www.wowt.com/2025/12/23/nebraskas-minimum-wage-increase-jan-1/
2025-12-23T14:33:46Z,Axios,Washington will have the highest state minimum wage in 2026,Washington will have the highest state minimum wage in 2026,https://www.axios.com/local/seattle/2025/12/23/washington-minimum-wage-2026-seattle-tukwila
2025-12-23T14:51:00Z,The Wall Street Journal,ServiceNow to Acquire Cybersecurity Startup Armis for About $7.75 Billion,ServiceNow to Acquire Cybersecurity Startup Armis for About $7.75 Billion,https://www.wsj.com/finance/investing/servicenow-to-acquire-armis-for-about-7-75-billion-531aa8dc
2025-12-23T14:05:22Z,CNBC,"ServiceNow's deal blitz gives it an 'AI control tower,' CEO McDermott tells CNBC","ServiceNow's deal blitz gives it an 'AI control tower,' CEO McDermott tells CNBC",https://www.cnbc.com/2025/12/23/servicenow-armis-cybersecurity-acquisition.html
2025-12-23T22:17:00Z,theregister.com,ServiceNow to buy Armis in $7.7 billion security deal,ServiceNow to buy Armis in $7.7 billion security deal,https://www.theregister.com/2025/12/23/servicenow_to_buy_armis_in/
2025-12-24T07:47:00Z,CTech,"After Wiz, CyberArk, and Armis, Israel's cyber 'royal flush' is complete","After Wiz, CyberArk, and Armis, Israel's cyber 'royal flush' is complete",https://www.calcalistech.com/ctechnews/article/rkcy5ft711e
2025-12-23T12:24:20Z,The New York Times,Why the A.I. Rally (and the Bubble Talk) Could Continue Next Year,Why the A.I. Rally (and the Bubble Talk) Could Continue Next Year,https://www.nytimes.com/2025/12/23/business/dealbook/ai-rally-bubble-2026.html
2025-12-23T17:05:00Z,The Guardian,"When the AI bubble bursts, humans will finally have their chance to take back control | Rafael Behr","When the AI bubble bursts, humans will finally have their chance to take back control | Rafael Behr",https://www.theguardian.com/commentisfree/2025/dec/23/artificial-intelligence-ai-bubble-bursts-humans-take-back-control
2025-12-23T05:00:33Z,Financial Times,Year in a word: AI bubble,Year in a word: AI bubble,https://www.ft.com/content/3e411742-b6bb-40c2-9432-4ee6f562af8f
2025-12-22T22:13:53Z,Seeking Alpha,The AI Bubble Burst Phase One: Here's What's Coming Next,The AI Bubble Burst Phase One: Here's What's Coming Next,https://seekingalpha.com/article/4855212-the-ai-bubble-burst-phase-one-heres-whats-coming-next
2025-12-23T11:44:31Z,Financial Times,Copper price hits record high on concerns over tariffs and shortages,Copper price hits record high on concerns over tariffs and shortages,https://www.ft.com/content/0bb510f2-da57-4575-bb5c-0460a6c14944
2025-12-24T19:38:19Z,Yahoo Finance,Copper Poised for Best Year Since 2009 After December Surge,Copper Poised for Best Year Since 2009 After December Surge,https://finance.yahoo.com/news/copper-poised-best-since-2009-065642820.html
2025-12-23T18:02:06Z,Bloomberg.com,"Copper Hits $12,000 for First Time as Tariff Trade Upends Market","Copper Hits $12,000 for First Time as Tariff Trade Upends Market",https://www.bloomberg.com/news/articles/2025-12-23/copper-hits-12-000-for-first-time-as-tariff-trade-upends-market
2025-12-24T09:31:30Z,Real Investment Advice,Copper Prices Surge To All Time Highs,Copper Prices Surge To All Time Highs,https://realinvestmentadvice.com/resources/blog/copper-prices-surge-to-all-time-highs/
2025-12-24T05:00:29Z,Financial Times,Tech groups shift $120bn of AI data centre debt off balance sheets,Tech groups shift $120bn of AI data centre debt off balance sheets,https://www.ft.com/content/0ae9d6cd-6b94-4e22-a559-f047734bef83
2025-12-22T12:02:00Z,Investor's Business Daily,Silent Time Bomb Threatens 6 AI S&P 500 Stocks Loading Up With Debt,Silent Time Bomb Threatens 6 AI S&P 500 Stocks Loading Up With Debt,https://www.investors.com/etfs-and-funds/sectors/sp500-silent-time-bomb-threatens-6-ai-stocks-loading-up-with-debt/
2025-12-23T13:36:05Z,Bloomberg.com,AI Funding to Drive Record Year for Top-Rated Company Bond Sales,AI Funding to Drive Record Year for Top-Rated Company Bond Sales,https://www.bloomberg.com/news/articles/2025-12-23/ai-funding-to-drive-record-year-for-top-rated-company-bond-sales
2025-12-22T15:49:53Z,Reuters,AI spending spree drives global tech debt issuance to record high,AI spending spree drives global tech debt issuance to record high,https://www.reuters.com/business/global-markets-tech-2025-12-22/
2025-12-24T04:42:00Z,CNBC,Japan's Sapporo Holdings to sell real estate business in $3 billion deal with KKR and PAG,Japan's Sapporo Holdings to sell real estate business in $3 billion deal with KKR and PAG,https://www.cnbc.com/2025/12/24/sapporo-holdings-sell-real-estate-business-kkr-nhk.html
2025-12-24T08:12:00Z,The Wall Street Journal,Sapporo to Sell Real-Estate Business to KKR-PAG Consortium,Sapporo to Sell Real-Estate Business to KKR-PAG Consortium,https://www.wsj.com/business/deals/sapporo-to-sell-real-estate-business-to-kkr-pag-consortium-07fb7173
2025-12-24T10:21:03Z,Smartkarma,Asia Real Estate Tracker (24-Dec-2025): PAG and KKR to acquire Sapporo real estate for $2.6B.,Asia Real Estate Tracker (24-Dec-2025): PAG and KKR to acquire Sapporo real estate for $2.6B.,https://www.smartkarma.com/insights/asia-real-estate-tracker-24-dec-2025-pag-and-kkr-to-acquire-sapporo-real-estate-for-2-6b
2025-12-24T06:22:05Z,marketscreener.com,Sapporo : Presentation Material for Timely Disclosure Regarding Injection of External Capital into the Real Estate Business,Sapporo : Presentation Material for Timely Disclosure Regarding Injection of External Capital into the Real Estate Business,https://www.marketscreener.com/news/sapporo-presentation-material-for-timely-disclosure-regarding-injection-of-external-capital-into-t-ce7e59dad888fe23
2025-12-24T18:38:19Z,WRAL,Fire-weather alert in Colorado knocked out timekeeping across the internet,Fire-weather alert in Colorado knocked out timekeeping across the internet,https://www.wral.com/news/local/nist-restores-atomic-clock-precision-power-outage-fire-weather-dec-2025/
2025-12-22T19:38:21Z,The New York Times,Some of the World's Atomic Clocks Were Off Last Week (by 5-Millionths of a Second),Some of the World's Atomic Clocks Were Off Last Week (by 5-Millionths of a Second),https://www.nytimes.com/2025/12/22/science/atomic-clock-late-colorado.html
2025-12-22T00:11:07Z,NPR,How a power outage in Colorado caused U.S. official time to be 4.8 microseconds off,How a power outage in Colorado caused U.S. official time to be 4.8 microseconds off,https://www.npr.org/2025/12/21/nx-s1-5651317/colorado-us-official-time-microseconds-nist-clocks
2025-12-23T02:59:34Z,ScienceAlert,US Official Time Standard Slowed Down Last Week Following Massive Storm,US Official Time Standard Slowed Down Last Week Following Massive Storm,https://www.sciencealert.com/us-official-time-standard-slowed-down-last-week-following-massive-storm
2025-12-23T10:14:44Z,Reuters,J&J vows appeal after US jury hits it with record $1.5 billion talc cancer award,J&J vows appeal after US jury hits it with record $1.5 billion talc cancer award,https://www.reuters.com/business/healthcare-pharmaceuticals/jj-vows-appeal-after-us-jury-hits-it-with-record-15-billion-talc-cancer-award-2025-12-23/
2025-12-23T17:26:08Z,WMAR 2 News Baltimore,Baltimore jury orders Johnson & Johnson to pay woman $1.5 billion over alleged powder related cancer diagnosis,Baltimore jury orders Johnson & Johnson to pay woman $1.5 billion over alleged powder related cancer diagnosis,https://www.wmar2news.com/news/region/baltimore-city/baltimore-jury-orders-johnson-johnson-to-pay-woman-1-5-billion-over-alleged-powder-related-cancer-diagnosis
2025-12-23T13:09:00Z,The Wall Street Journal,J&J Ordered to Pay Over $1.5 Billion in Talc Lawsuit,J&J Ordered to Pay Over $1.5 Billion in Talc Lawsuit,https://www.wsj.com/us-news/law/j-j-ordered-to-pay-over-1-5-billion-in-talc-lawsuit-c146efaf
2025-12-23T15:16:13Z,Yahoo Finance,J&J Hit With $1.5 Billion Talc Verdict,J&J Hit With $1.5 Billion Talc Verdict,https://finance.yahoo.com/news/j-j-hit-1-5-151613814.html
2025-12-23T20:15:17Z,KHGI,GI man dies after becoming trapped in McDonald's drive-through lane,GI man dies after becoming trapped in McDonald's drive-through lane,https://nebraska.tv/news/local/grand-island-man-dies-after-becoming-trapped-in-mcdonalds-drive-through-lane-michael-dickinson
2025-12-23T20:50:00Z,KSNB,Man dies in 'freak accident' in McDonald's drive thru in Grand Island,Man dies in 'freak accident' in McDonald's drive thru in Grand Island,https://www.ksnblocal4.com/2025/12/23/man-dies-freak-accident-mcdonalds-drive-thru-grand-island/
2025-12-24T22:40:00Z,The Independent,Nebraska man dies after 'freak accident' in a McDonald's drive-thru,Nebraska man dies after 'freak accident' in a McDonald's drive-thru,https://www.independent.co.uk/bulletin/news/mcdonalds-drive-thru-nebraska-man-dies-b2890313.html
2025-12-24T13:26:45Z,WKRC,McDonald's customer dies in 'freak accident' while paying bill in drive thru,McDonald's customer dies in 'freak accident' while paying bill in drive thru,https://local12.com/news/nation-world/michael-dickinson-mcdonalds-customer-dies-in-freak-accident-while-paying-bill-in-drive-thru-cincinnati-grand-island-locations-fast-food-emergency-room-situation-lurched-door-frame-pinch-dean-elliott-police-chief-fatal-payment-purposes-rapid-response
2025-12-23T20:12:59Z,The New York Times,U.S. Takes a Step Toward Approving Seabed Mining in International Waters,U.S. Takes a Step Toward Approving Seabed Mining in International Waters,https://www.nytimes.com/2025/12/23/climate/seabed-mining-trump-metals-company-permit-noaa.html
2025-12-22T09:47:08Z,grist.org,What changed for deep-sea mining in 2025? Everything.,What changed for deep-sea mining in 2025? Everything.,https://grist.org/global-indigenous-affairs-desk/what-changed-for-deep-sea-mining-in-2025-everything/
2025-12-24T14:00:00Z,Popular Mechanics,Scientists Found 788 Species at the Bottom of the Ocean-and They're in Grave Danger,Scientists Found 788 Species at the Bottom of the Ocean-and They're in Grave Danger,https://www.popularmechanics.com/science/environment/a69657342/sea-creatures-mining/
2025-12-22T08:41:25Z,Maritime Fairtrade,"Exploring Polymetallic Nodules: Importance, Challenges, and Future Initiatives","Exploring Polymetallic Nodules: Importance, Challenges, and Future Initiatives",https://maritimefairtrade.org/exploring-polymetallic-nodules-importance-challenges-and-future-initiatives/
2025-12-23T02:49:45Z,BBC,"Amazon blocks 1,800 job applications from suspected North Korean agents","Amazon blocks 1,800 job applications from suspected North Korean agents",https://www.bbc.com/news/articles/c3e0kw80wwzo
2025-12-23T12:03:22Z,NBC News,"North Korean agents are trying to infiltrate Amazon, chief security officer says","North Korean agents are trying to infiltrate Amazon, chief security officer says",https://www.nbcnews.com/world/north-korea/north-korea-agents-amazon-jobs-laptop-farms-ai-rcna250627
2025-12-17T17:17:49Z,Bloomberg.com,Amazon Caught North Korean IT Worker By Tracing Keystroke Data,Amazon Caught North Korean IT Worker By Tracing Keystroke Data,https://www.bloomberg.com/news/newsletters/2025-12-17/amazon-caught-north-korean-it-worker-by-tracing-keystroke-data
2025-12-23T18:58:26Z,Dark Reading,"Amazon Fends Off 1,800 Suspected DPRK IT Job Scammers","Amazon Fends Off 1,800 Suspected DPRK IT Job Scammers",https://www.darkreading.com/remote-workforce/amazon-fends-off-dprk-it-job-scammers
2025-12-24T05:00:11Z,Financial Times,Crypto deals running at record pace with more expected in 2026,Crypto deals running at record pace with more expected in 2026,https://www.ft.com/content/b4d5e238-c34a-4602-91d0-4c7300b0006f
2025-12-23T11:00:00Z,Bloomberg.com,Crypto's Big Year Didn't Work Out for All of Its Billionaires,Crypto's Big Year Didn't Work Out for All of Its Billionaires,https://www.bloomberg.com/news/articles/2025-12-23/crypto-s-big-year-didn-t-work-out-for-all-of-its-billionaires
2025-12-23T21:01:03Z,Yahoo Finance,The Best Performing Bitcoin and Crypto Stocks of 2025,The Best Performing Bitcoin and Crypto Stocks of 2025,https://finance.yahoo.com/news/best-performing-bitcoin-crypto-stocks-210103627.html
2025-12-24T13:42:17Z,CoinDesk,Trump administration's pro-crypto policies spur record crypto dealmaking in 2025,Trump administration's pro-crypto policies spur record crypto dealmaking in 2025,https://www.coindesk.com/business/2025/12/24/crypto-m-and-a-hits-record-usd8-6-billion-in-2025-as-trump-s-regulatory-stance-spurs-deals
2025-12-24T00:47:00Z,Reuters,"BOJ debated need to keep raising rates, October meeting minutes show","BOJ debated need to keep raising rates, October meeting minutes show",https://www.reuters.com/world/asia-pacific/boj-debated-need-keep-raising-rates-october-meeting-minutes-show-2025-12-24/
2025-12-22T04:39:00Z,The Wall Street Journal,Ten-Year JGB Yield Hits 26-Year High After BOJ Rate Increase,Ten-Year JGB Yield Hits 26-Year High After BOJ Rate Increase,https://www.wsj.com/finance/investing/ten-year-jgb-yield-hits-26-year-high-after-boj-rate-increase-da72751e
2025-12-24T22:00:00Z,Bloomberg.com,Japan Awaits Two-Year Bond Auction Amid Growing Rate Hike Fears,Japan Awaits Two-Year Bond Auction Amid Growing Rate Hike Fears,https://www.bloomberg.com/news/articles/2025-12-24/japan-awaits-two-year-bond-auction-amid-growing-rate-hike-fears
2025-12-24T04:25:39Z,Asia Times,Why markets aren't buying BOJ's rate hike spin,Why markets aren't buying BOJ's rate hike spin,https://asiatimes.com/2025/12/why-markets-arent-buying-bojs-rate-hike-spin/
2025-12-24T15:51:36Z,Reuters,How a Silicon Valley dealmaker charmed Trump and gave Intel a lifeline,How a Silicon Valley dealmaker charmed Trump and gave Intel a lifeline,https://www.reuters.com/world/us/how-silicon-valley-dealmaker-charmed-trump-gave-intel-lifeline-2025-12-24/
2025-12-24T14:52:20Z,Yahoo Finance,Intel Lands $5.7B U.S. Investment Following CEO Tan's White House Meeting,Intel Lands $5.7B U.S. Investment Following CEO Tan's White House Meeting,https://finance.yahoo.com/news/intel-lands-5-7b-u-145220630.html
2025-12-24T13:34:00Z,Cryptopolitan,"Who is Intel's new CEO Lip-Bu Tan, and how did he win Trump over?","Who is Intel's new CEO Lip-Bu Tan, and how did he win Trump over?",https://www.cryptopolitan.com/who-is-intels-new-ceo-lip-bu-tan/
2025-12-24T13:01:54Z,Sri Lanka Guardian,How Trump Turns Intel Into a Government-Backed Powerhouse,How Trump Turns Intel Into a Government-Backed Powerhouse,https://slguardian.org/intel-ceo-lip-bu-tan-secures-u-s-government-investment-amid-trump-criticism/
2025-12-24T13:15:02Z,CNBC,It's too late for some last-minute tax moves - but these can be tackled with days to go in 2025,It's too late for some last-minute tax moves - but these can be tackled with days to go in 2025,https://www.cnbc.com/2025/12/24/last-minute-tax-moves-2025.html
2025-12-22T21:00:50Z,Entrepreneur,3 Tax Moves Entrepreneurs Need to Make Before 2025 Ends,3 Tax Moves Entrepreneurs Need to Make Before 2025 Ends,https://www.entrepreneur.com/money-finance/3-tax-moves-entrepreneurs-need-to-make-before-2025-ends/497895
2025-12-23T22:40:00Z,Yahoo! Finance Canada,Year-end financial housekeeping: 5 simple steps to tidy your money,Year-end financial housekeeping: 5 simple steps to tidy your money,https://ca.finance.yahoo.com/news/end-financial-housekeeping-5-simple-224000305.html
2025-12-23T15:11:03Z,Mondaq,2025 Year-End Tax Planning Guide - Property Taxes - Canada,2025 Year-End Tax Planning Guide - Property Taxes - Canada,https://www.mondaq.com/canada/property-taxes/1722710/2025-year-end-tax-planning-guide
2025-12-23T21:11:00Z,Barron's,Alibaba Shows China May Be the Next Frontier for Nvidia and AMD,Alibaba Shows China May Be the Next Frontier for Nvidia and AMD,https://www.barrons.com/articles/alibaba-nvidia-amd-stock-china-2a9b98a5
2025-12-24T18:14:00Z,Fox News,Democrats warn Trump green-lighting Nvidia AI chip sales could boost China's military edge,Democrats warn Trump green-lighting Nvidia AI chip sales could boost China's military edge,https://www.foxnews.com/politics/democrats-warn-trump-green-lighting-nvidia-ai-chip-sales-could-boost-chinas-military-edge
2025-12-21T20:19:00Z,The Wall Street Journal,Opinion | The U.S. Can't Get Xi Hooked on Nvidia Chips,Opinion | The U.S. Can't Get Xi Hooked on Nvidia Chips,https://www.wsj.com/opinion/the-u-s-cant-get-xi-hooked-on-nvidia-chips-ai-china-gpus-9c52d492
2025-12-24T06:24:00Z,The Motley Fool,Massive News for Nvidia Stock Investors,Massive News for Nvidia Stock Investors,https://www.fool.com/investing/2025/12/24/massive-news-for-nvidia-stock-investors/
2025-12-23T12:09:27Z,CNBC,Gas prices fall to four-year lows as millions embark on holiday road trips,Gas prices fall to four-year lows as millions embark on holiday road trips,https://www.cnbc.com/2025/12/23/oil-prices-holiday-road-trip-december-aaa.html
2025-12-24T16:03:19Z,x.com,"PROMISES MADE. PROMISES KEPT. Since President Trump took office and Republicans took back both chambers of Congress, gas prices have dropped nationwide to their lowest level in over four years, with 38 states now paying under $3 a gallon. That's","PROMISES MADE. PROMISES KEPT. Since President Trump took office and Republicans took back both chambers of Congress, gas prices have dropped nationwide to their lowest level in over four years, with 38 states now paying under $3 a gallon. That's",https://x.com/SpeakerJohnson/status/2003859040066277588
2025-12-24T00:00:05Z,KSL.com,US drivers are seeing lower gas prices this holiday season,US drivers are seeing lower gas prices this holiday season,https://www.ksl.com/article/51423052/us-drivers-are-seeing-lower-gas-prices-this-holiday-season
2025-12-22T17:40:00Z,Fox Business,Holiday travelers to save over half billion dollars as gas prices drop to $2.79 per gallon,Holiday travelers to save over half billion dollars as gas prices drop to $2.79 per gallon,https://www.foxbusiness.com/politics/holiday-travelers-save-over-half-billion-dollars-gas-prices-drop-2-79-per-gallon
2025-12-23T04:20:01Z,CBS News,"Neighbors complain of overwhelming ""donut smell"" coming from Dunkin' supplier in Massachusetts","Neighbors complain of overwhelming ""donut smell"" coming from Dunkin' supplier in Massachusetts",https://www.cbsnews.com/boston/news/donut-smell-dunkin-haverhill/
2025-12-24T21:44:36Z,People.com,"Neighbors Complain About 'Overwhelming' and 'Distracting' Smell Coming from Dunkin Donuts Factory, Bring Issue to City Council","Neighbors Complain About 'Overwhelming' and 'Distracting' Smell Coming from Dunkin Donuts Factory, Bring Issue to City Council",https://people.com/neighbors-complain-about-smell-coming-from-dunkin-donuts-factory-11876016
2025-12-23T04:29:16Z,NBC Boston,Haverhill residents say neighborhood smells like doughnuts,Haverhill residents say neighborhood smells like doughnuts,https://www.nbcboston.com/news/local/haverhill-residents-say-neighborhood-smells-like-doughnuts/3866464/
2025-12-23T20:30:00Z,MassLive.com,'Smells like doughnuts all the time': Mass. residents complain about Dunkin' plant,'Smells like doughnuts all the time': Mass. residents complain about Dunkin' plant,https://www.masslive.com/news/2025/12/smells-like-doughnuts-all-the-time-mass-residents-complain-about-dunkin-plant.html
2025-12-23T21:38:38Z,NBC 6 South Florida,Former Bank of America employee charged with stealing $500K from disabled victim: State Attorney,Former Bank of America employee charged with stealing $500K from disabled victim: State Attorney,https://www.nbcmiami.com/news/local/former-bank-of-america-employee-charged-with-stealing-500k-from-disabled-victim-state-attorney/3739070/
2025-12-23T23:55:58Z,Miami Herald,"Ex-BofA employee stole $500k from incapacitated woman, state attorney says","Ex-BofA employee stole $500k from incapacitated woman, state attorney says",https://www.miamiherald.com/news/local/crime/article313927785.html
2025-12-24T01:27:00Z,CBS News,"Bank employee accused of stealing more than $500,000 from woman with disabilities, South Florida officials say","Bank employee accused of stealing more than $500,000 from woman with disabilities, South Florida officials say",https://www.cbsnews.com/miami/news/bank-employee-steals-500k-disabled-woman-prosecutors/
2025-12-24T17:09:03Z,NBC 6 South Florida,Woman speaks out after $500K allegedly stolen by former Bank of America employee,Woman speaks out after $500K allegedly stolen by former Bank of America employee,https://www.nbcmiami.com/news/local/woman-speaks-out-after-500k-allegedly-stolen-by-former-bank-of-america-employee/3739394/
2025-12-24T12:00:00Z,NPR,When porch pirates steal medicine instead of holiday gifts,When porch pirates steal medicine instead of holiday gifts,https://www.npr.org/2025/12/24/nx-s1-5642562/porch-pirates-mail-theft-medicine-drugs
2025-12-23T21:06:24Z,WWMT,Kalamazoo residents share strategies to combat package theft amid online shopping surge,Kalamazoo residents share strategies to combat package theft amid online shopping surge,https://wwmt.com/news/local/kalamazoo-residents-share-strategies-to-combat-package-theft-amid-online-shopping-surge-stephenie-bruce-gage-degrave-amy-smith-gretchen-whitmer-prison-time-police-busy-shopping-season
2025-12-21T06:03:00Z,azcentral.com and The Arizona Republic,"As holiday package theft rises, Arizona police share prevention tips","As holiday package theft rises, Arizona police share prevention tips",https://www.azcentral.com/story/news/local/arizona/2025/12/20/holiday-theft-tips-from-arizona-police-to-protect-packages/87863513007/
2025-12-24T21:58:00Z,KGNS,LPD warns against leaving packages out to deter 'porch pirates',LPD warns against leaving packages out to deter 'porch pirates',https://www.kgns.tv/2025/12/24/lpd-warns-against-leaving-packages-out-deter-porch-pirates/
2025-12-24T10:44:00Z,AL.com,Be careful about re-using baggies: Down in Alabama,Be careful about re-using baggies: Down in Alabama,https://www.al.com/news/2025/12/be-careful-about-re-using-baggies-down-in-alabama.html
2025-12-22T17:52:54Z,SpaceNews,United Launch Alliance chief Tory Bruno resigns,United Launch Alliance chief Tory Bruno resigns,https://spacenews.com/ula-ceo-bruno-resigns/
2025-12-22T19:49:55Z,Spaceflight Now,"Tory Bruno steps down as President, CEO of ULA","Tory Bruno steps down as President, CEO of ULA",https://spaceflightnow.com/2025/12/22/tory-bruno-steps-down-as-president-ceo-of-ula/
2025-12-22T18:26:29Z,Breaking Defense,Tory Bruno resigns as head of United Launch Alliance,Tory Bruno resigns as head of United Launch Alliance,https://breakingdefense.com/2025/12/tory-bruno-resigns-as-head-of-united-launch-alliance/
2025-12-24T10:00:07Z,The New York Times,Investors Warn of 'Rot in Private Equity' as Funds Strike Circular Deals,Investors Warn of 'Rot in Private Equity' as Funds Strike Circular Deals,https://www.nytimes.com/2025/12/24/business/private-equity-continuation-funds.html
2025-12-22T05:00:39Z,Financial Times,How one private equity group's deals show risks of firms selling to themselves,How one private equity group's deals show risks of firms selling to themselves,https://www.ft.com/content/69bd2bea-4f52-4f7b-9ece-89133e4964e6
2025-12-23T16:34:01Z,RSM US LLP,Continuation vehicles: Tax considerations to drive private equity fund value,Continuation vehicles: Tax considerations to drive private equity fund value,https://rsmus.com/insights/industries/private-equity/continuation-vehicles-tax-considerations.html
2025-12-16T19:51:26Z,Fasken,"It's Not a Bug, It's Innovation: Why Criticism of Private Equity's Use of Continuation Vehicles Is Wrong","It's Not a Bug, It's Innovation: Why Criticism of Private Equity's Use of Continuation Vehicles Is Wrong",https://www.fasken.com/en/knowledge/2025/12/its-not-a-bug-its-innovation-why-criticism-of-private-equitys-use-of-continuation-vehicles-is-wrong
2025-12-24T14:58:15Z,Financial Times,Big US banks add $600bn in value as deregulation spurs gains,Big US banks add $600bn in value as deregulation spurs gains,https://www.ft.com/content/0784b2a8-11fc-45d2-81c6-78325886e974
2025-12-21T18:20:37Z,Yahoo Finance,America's biggest banks are ending 2025 on top with big growth goals and markets 'wide open',America's biggest banks are ending 2025 on top with big growth goals and markets 'wide open',https://finance.yahoo.com/news/americas-biggest-banks-are-ending-2025-on-top-with-big-growth-goals-and-markets-wide-open-070002408.html
2025-12-23T17:33:28Z,The Economic Times,"These 7 banking stocks can give more than 23% returns in 1 year, according to analysts","These 7 banking stocks can give more than 23% returns in 1 year, according to analysts",https://m.economictimes.com/markets/stocks/news/these-7-banking-stocks-can-give-more-than-23-returns-in-1-year-according-to-analysts/articleshow/126145484.cms
2025-12-19T18:49:58Z,The Globe and Mail,Bank ETFs Shine as US Banking Profit Hits Decade High in Q3,Bank ETFs Shine as US Banking Profit Hits Decade High in Q3,https://www.theglobeandmail.com/investing/markets/stocks/C/pressreleases/36718532/bank-etfs-shine-as-us-banking-profit-hits-decade-high-in-q3/
2025-12-24T01:28:00Z,CBS News,Circle Furniture closes all stores in Massachusetts and New Hampshire,Circle Furniture closes all stores in Massachusetts and New Hampshire,https://www.cbsnews.com/boston/news/circle-furniture-closes-stores/
2025-12-23T11:01:00Z,The Boston Globe,Circle Furniture's 70-year legacy ends as company closes its doors this week,Circle Furniture's 70-year legacy ends as company closes its doors this week,https://www.bostonglobe.com/2025/12/23/business/circle-furniture/
2025-12-24T22:21:00Z,WCVB,Circle Furniture abruptly closes all 8 store locations 'till further notice',Circle Furniture abruptly closes all 8 store locations 'till further notice',https://www.wcvb.com/article/circle-furniture-abruptly-closes-stores-ma-nh/69859261
2025-12-23T22:46:00Z,The Business Journals,Boston-area furniture chain closes abruptly just before Christmas,Boston-area furniture chain closes abruptly just before Christmas,https://www.bizjournals.com/boston/news/2025/12/23/boston-area-furniture-chain-abruptly-closes.html
2025-12-24T07:10:15Z,CNBC,"European markets close mixed; Novo Nordisk shares jump 9%, extending rally after GLP-1 pill approval","European markets close mixed; Novo Nordisk shares jump 9%, extending rally after GLP-1 pill approval",https://www.cnbc.com/2025/12/24/european-markets-to-open-soft-stoxx-600-dax-cac-40.html
2025-12-23T16:59:54Z,Reuters,European shares close at fresh record high as Novo Nordisk drives healthcare boost,European shares close at fresh record high as Novo Nordisk drives healthcare boost,https://www.reuters.com/markets/europe/european-shares-muted-consumer-energy-stocks-limit-healthcare-gains-2025-12-23/
2025-12-23T17:25:00Z,Seeking Alpha,European market rebound led by pharma gains; STOXX 600 logs new record high (EUR:USD),European market rebound led by pharma gains; STOXX 600 logs new record high (EUR:USD),https://seekingalpha.com/news/4534536-europe-markets-rebound-led-by-pharma-gains
2025-12-23T12:33:56Z,firstonline.info,"Stock market today, December 23: Novo Nordisk's promotion dominates Europe. Fincantieri rebounds on the Milan Stock Exchange, with gold gaining a record high.","Stock market today, December 23: Novo Nordisk's promotion dominates Europe. Fincantieri rebounds on the Milan Stock Exchange, with gold gaining a record high.",https://www.firstonline.info/en/Stock-market-today-December-23-in-Europe-dominates-the-promotion-of-Novo-Nordisk-in-Piazza-Affari-Fincantieri-recovers-record-run-for-them/
2025-12-23T05:00:09Z,The New York Times,China Delays Plans for Mass Production of Self-Driving Cars After Accident,China Delays Plans for Mass Production of Self-Driving Cars After Accident,https://www.nytimes.com/2025/12/23/business/china-autonomous-cars-driving.html
2025-12-24T12:53:00Z,The Independent,China puts brakes on push for self-driving cars after horror crash that killed three students,China puts brakes on push for self-driving cars after horror crash that killed three students,https://www.independent.co.uk/tech/china-self-driving-car-crash-b2889924.html
2025-12-21T23:30:12Z,South China Morning Post,China's approval for L3 self-driving cars to stimulate slowing mainland market,China's approval for L3 self-driving cars to stimulate slowing mainland market,https://www.scmp.com/business/china-business/article/3337224/chinas-approval-l3-self-driving-cars-stimulate-slowing-mainland-market
2025-12-24T13:14:44Z,BitAuto,"""The 'Beijing A-JY01Z' vehicle was revealed as its manufacturer secured national first batch L3-level autonomy permits. ""","""The 'Beijing A-JY01Z' vehicle was revealed as its manufacturer secured national first batch L3-level autonomy permits. """,https://www.bitauto.com/pk/news/1001100000000155498.html
2025-12-23T20:16:00Z,The Guardian,It's not too late: 20 last-minute gifts they don't need to know you just thought of,It's not too late: 20 last-minute gifts they don't need to know you just thought of,https://www.theguardian.com/thefilter-us/2025/dec/23/last-minute-gift-ideas
2025-12-19T17:00:00Z,CNN,Christmas is days away. Here are 53 last-minute gifts that'll still arrive in time,Christmas is days away. Here are 53 last-minute gifts that'll still arrive in time,https://www.cnn.com/cnn-underscored/gifts/best-last-minute-gifts
2025-12-21T13:45:00Z,NJ.com,75 last-minute gifts that will be on your doorstep (or are available for pick up) before Christmas,75 last-minute gifts that will be on your doorstep (or are available for pick up) before Christmas,https://www.nj.com/shopping-deals/2025/12/75-last-minute-gifts-thatll-be-on-your-doorstep-or-are-available-for-pick-up-before-christmas.html
2025-12-23T21:21:00Z,New York Post,Beat Santa to the punch: What to buy right now if you left your Christmas shopping to the very last minute (yet again),Beat Santa to the punch: What to buy right now if you left your Christmas shopping to the very last minute (yet again),https://nypost.com/2025/12/23/lifestyle/what-to-buy-right-now-if-you-left-christmas-shopping-to-the-last-minute-again/
2025-12-23T09:35:58Z,statnews.com,China biotech's Cambrian explosion,China biotech's Cambrian explosion,https://www.statnews.com/2025/12/23/china-drug-discovery-serendipity-competition/
2025-12-23T13:05:00Z,Fierce Biotech,"Despite geopolitical pressures, China biotech deals remain at pace as collective value soars: Evaluate","Despite geopolitical pressures, China biotech deals remain at pace as collective value soars: Evaluate",https://www.fiercebiotech.com/biotech/despite-geopolitical-pressures-china-biotech-deals-remain-pace-collective-value-soars
2025-12-20T00:00:10Z,South China Morning Post,Are Chinese biotechs what the doctor ordered as Big Pharma faces 'patent cliff'?,Are Chinese biotechs what the doctor ordered as Big Pharma faces 'patent cliff'?,https://www.scmp.com/business/china-business/article/3337038/patent-cliffhanger-will-china-biotech-throw-big-pharma-lifeline
2025-12-23T16:24:05Z,openPR.com,China's Innovative Drugs: From Backstage to the Global Spotlight,China's Innovative Drugs: From Backstage to the Global Spotlight,https://www.openpr.com/news/4326920/china-s-innovative-drugs-from-backstage-to-the-global
