Date	URL
11/18/2025	https://www.illawarramercury.com.au/story/9114172/men-facing-fatal-crash-manslaughter-charges-have-their-trials-brought-forward/
11/18/2025	https://www.dailymaverick.co.za/article/2025-11-18-deadly-water-part-5-a-zombie-in-the-water-industry/
11/18/2025	https://www.clickorlando.com/news/world/2025/11/18/chiles-most-polarized-presidential-race-in-decades-boosts-the-right-and-divides-immigrants/
11/18/2025	https://www.livemint.com/news/india/not-delhi-greater-noida-is-the-most-polluted-city-today-check-list-of-top-10-cities-with-highest-aqi-here-11763440939853.html
11/18/2025	https://www.altoonamirror.com/news/local-news/2025/11/williamsburg-man-enters-plea-in-chop-shop-case/
11/18/2025	http://www.jpost.com/opinion/article-874183
11/18/2025	https://www.irishtimes.com/your-money/2025/11/18/tax-in-ireland-on-foreign-pensions-can-be-tricky/
11/18/2025	https://www.worcesternews.co.uk/news/25622174.drivers-road-worcester-courts/
11/18/2025	https://vegoutmag.com/travel/d-7-things-you-do-on-airplanes-that-mark-you-as-someone-with-money-to-cabin-crew/
11/18/2025	https://www.clickorlando.com/news/local/2025/11/18/grave-danger-suspect-caught-after-missing-english-womans-remains-found-in-marion-oaks/
11/18/2025	https://jewishpress.com/news/breaking-news/hamas-targeting-gaza-aid-workers-with-bounties/2025/06/30/
11/18/2025	http://www.econotimes.com/FxWirePro-NZD-USD-edges-lower-set-to-stay-on-back-foot-1726264
11/18/2025	https://www.skynews.com.au/insights-and-analysis/labors-new-18-billionayear-environmental-reforms-an-existential-threat-to-the-usaustralia-minerals-deal/news-story/de02f179ea805b878d4f5da2e3119a79?nk=564fbf97706493de3ed4ca445ad01a5d-1763445738
11/18/2025	https://jewishpress.com/news/breaking-news/rabbis-push-back-at-candace-owens-claims-rabbi-riskin-bribed-pastors-to-slam-her/2025/06/29/
11/18/2025	https://www.edenmagnet.com.au/story/9113913/one-nation-leader-pauline-hanson-is-pursuing-barnaby-joyce/
11/18/2025	https://www.haaretz.com/israel-news/2025-11-18/ty-article-live/trump-says-u-s-will-sell-f-35-jets-to-great-ally-saudi-arabia-despite-israel-opposition/0000019a-94f2-d8b5-abbf-b7f3969d0000
11/18/2025	https://www.nationalmemo.com/maga-split
11/18/2025	https://www.bworldonline.com/world/2025/11/18/712880/japanese-tourist-village-battles-to-keep-bears-at-bay/
11/18/2025	https://jewishpress.com/news/breaking-news/jews-arrested-in-iran-released-after-round-up-by-regime-security-forces/2025/07/01/
11/18/2025	https://www.clickorlando.com/business/2025/11/18/judge-to-explain-why-hes-approving-purdue-pharma-settlement-plan-which-calls-for-7b-from-sacklers/
11/18/2025	https://isp.netscape.com/pf/story/0001/20251118/e664099eb656ebc7713d8803c4f14191
11/18/2025	https://www.wdio.com/ap-top-news/judge-to-explain-why-hes-approving-purdue-pharma-settlement-plan-which-calls-for-7b-from-sacklers/
11/18/2025	https://ktar.com/national-news/judge-to-explain-why-hes-approving-purdue-pharma-settlement-plan-which-calls-for-7b-from-sacklers/5778264/
11/18/2025	https://www.7newsbelize.com/sstory.php?nid=76258
11/18/2025	https://www.thesouthafrican.com/news/zimbabwe/zimbabwean-man-who-recently-arrived-in-sa-dies-in-devastating-accident/
11/18/2025	https://www.dailymaverick.co.za/article/2025-11-18-big-spending-steenhuisen-faces-scrutiny-as-da-fallout-over-axed-dion-george-continues/
11/18/2025	https://www.sentinelandenterprise.com/2025/11/17/south-africa-palestinians/
11/18/2025	https://www.timesherald.com/2025/11/17/south-africa-palestinians/
11/18/2025	https://dailypost.ng/2025/11/18/details-of-tinubus-meeting-with-duke-of-edinburgh-revealed/
11/18/2025	https://tribune.com.pk/story/2577981/emirates-orders-65-more-777x
11/18/2025	https://asianews.network/south-korea-president-lee-begins-10-day-trip-to-middle-east-africa-with-ai-and-defence-high-on-agenda/
11/18/2025	https://marketrealist.com/what-is-the-effect-of-tariffs-on-increasing-beef-prices/
11/18/2025	https://www.skynews.com.au/australia-news/politics/abcs-sarah-ferguson-interrupts-sussan-ley-35-times-sparking-more-concerns-over-public-broadcasters-bias/news-story/b0447c02636948c836af5b1239610621?nk=32b5c1318b8d61e27bf4c4821ba46ae2-1763445734
11/18/2025	https://www.westernadvocate.com.au/story/9114566/toll-relief-extended-but-bumpy-road-ahead-to-fund-it/
11/18/2025	https://www.edenmagnet.com.au/story/9114566/toll-relief-extended-but-bumpy-road-ahead-to-fund-it/
11/18/2025	https://www.illawarramercury.com.au/story/9114566/toll-relief-extended-but-bumpy-road-ahead-to-fund-it/
11/18/2025	https://www.theleader.com.au/story/9114566/toll-relief-extended-but-bumpy-road-ahead-to-fund-it/
11/18/2025	https://www.begadistrictnews.com.au/story/9114566/toll-relief-extended-but-bumpy-road-ahead-to-fund-it/
11/18/2025	https://www.edenmagnet.com.au/story/9114308/australia-raises-heat-over-climate-summit-hosting-goal/
11/18/2025	https://www.theleader.com.au/story/9114308/australia-raises-heat-over-climate-summit-hosting-goal/
11/18/2025	https://www.begadistrictnews.com.au/story/9114308/australia-raises-heat-over-climate-summit-hosting-goal/
11/18/2025	https://www.westernadvocate.com.au/story/9114308/australia-raises-heat-over-climate-summit-hosting-goal/
11/18/2025	https://www.illawarramercury.com.au/story/9114308/australia-raises-heat-over-climate-summit-hosting-goal/
11/18/2025	https://www.edenmagnet.com.au/story/9114362/hyundai-crater-concept-rugged-off-road-suv-previewed/
11/18/2025	https://www.westernadvocate.com.au/story/9114362/hyundai-crater-concept-rugged-off-road-suv-previewed/
11/18/2025	http://www.bignewsnetwork.com/news/278701009/songlines-tracking-the-seven-sisters-exhibition-to-arrive-in-india-in-partnership-with-kiran-nadar-museum-of-art
11/18/2025	https://www.mamamia.com.au/jessie-stephens-the-pile-on/
11/18/2025	https://www.edenmagnet.com.au/story/9114109/lachlan-young-sentenced-to-28-years-for-murder-of-hannah-mcguire/
11/18/2025	https://econews.com.au/climate-risks-deepen-energy-hardships-as-australians-changing-lives-reshape-transition-to-renewables-new-report-finds/
11/18/2025	https://www.westernadvocate.com.au/story/9114412/pauline-hansons-post-apocalyptic-prediction-resurfaces/
11/18/2025	https://www.trend.az/business/4118823.html
11/18/2025	https://www.trend.az/azerbaijan/society/4118802.html
11/18/2025	https://www.7newsbelize.com/sstory.php?nid=76249
11/18/2025	https://www.7newsbelize.com/printstory.php?func=print&nid=76249
11/18/2025	https://www.7newsbelize.com/sstory.php?nid=76251
11/18/2025	https://asianews.network/cambodia-vietnam-trade-deficit-falls-by-a-third/
11/18/2025	https://nypost.com/2025/11/18/science/trio-of-chinese-astronauts-stranded-in-space-after-their-shuttle-was-used-to-rescue-another-group/
11/18/2025	https://www.prnewswire.com/news-releases/xinhua-silk-road-7th-hometown-fellowship-conference-held-in-se-chinas-gutian-county-302617962.html
11/18/2025	https://northplattebulletin.com/young-north-platte-man-sentenced-to-lengthy-prison-term/
11/18/2025	https://cfweradio.ca/2025/11/17/wood-buffalo-rcmp-investigate-theft-and-arson/
11/18/2025	https://www.dailyfreeman.com/2025/11/17/christopher-baldner-murder-trial-prosecution-defense-make-closing-arguments/
11/18/2025	https://www.callapple.org/obituaries/rebecca-heineman-legendary-game-designer/
11/18/2025	https://www.witn.com/2025/11/18/governor-stein-comments-reports-ice-agents-headed-raleigh/
11/18/2025	http://www.thereflector.com/stories/three-new-bgps-directors-emerge-following-november-election-results
11/18/2025	https://www.thejakartapost.com/business/2025/11/18/ilo-wracked-by-unprecedented-crisis-director-general.html
11/18/2025	https://www.kake.com/home/construction-company-apologizes-to-wichita-neighborhood-left-covered-in-concrete-dust/article_b814c6b8-72b6-4548-ab03-95086501b0ed.html
11/18/2025	https://www.wkyt.com/2025/11/18/fcps-begins-facility-review-improve-financial-efficiency/
11/18/2025	https://pakobserver.net/bannu-escapes-tragedy-as-suicide-bomber-dies-in-accidental-blast/
11/18/2025	https://www.forbes.com/sites/janakirammsv/2025/11/18/cncf-establishes-standards-for-running-ai-workloads-on-kubernetes/
11/18/2025	https://www.smartpropertyinvestment.com.au/first-property-buyer/27208-avoid-overpaying-strategic-moves-to-compete-in-a-hot-market
11/18/2025	https://thestandard.co.zw/standard-style/article/200020378/health-talk-public-health-system-needs-transformation
11/18/2025	https://www.newkerala.com/news/o/counter-intelligence-kashmir-raids-multiple-locations-srinagar-budgam-kulgam-773
11/18/2025	https://indianexpress.com/about/floods/
11/18/2025	https://evertiq.com/design/2025-11-18-zuppa-partners-with-eighth-dimension-to-advance-swarm-drone-tech
11/18/2025	https://scroll.in/latest/1088624/kashmiris-facing-profiling-eviction-after-delhi-blast-says-student-body
11/18/2025	https://www.yahoo.com/news/articles/everybody-just-shock-students-react-225901294.html
11/18/2025	https://www.worcesternews.co.uk/news/25626448.nunnery-wood-high-school-worcester-holds-cyber-horizons-day/
11/18/2025	https://carrollspaper.com/news/national/education-for-girls-hit-hard-by-indias-drying-wells/article_d27b3513-2b8a-5cbb-b5e3-d689e5ddb3fd.html
11/18/2025	https://www.wvgazettemail.com/opinion/op_ed_commentaries/christina-weiland-fatal-flaws-in-wv-school-consolidations-opinion/article_caaa9c98-eb7f-4b67-9160-ae71c2c7627c.html
11/18/2025	https://www.wkyc.com/article/news/local/cuyahoga-county/16-year-old-north-ridgeville-high-school-student-dies-hit-by-car/95-c14aeefc-89ae-4ae3-8a88-df445be4e6b0
11/18/2025	https://www.wrdw.com/2025/11/18/scary-situation-leaders-caution-parents-online-safety-event/
11/18/2025	https://asianews.network/japan-experts-fear-impact-of-free-high-school-tuition-will-public-schools-be-shunned-in-favour-of-private-education/
11/18/2025	https://www.prnewswire.com/news-releases/pan-global-samples-1-14-gt-gold-over-26-meters-from-near-surface-at-canada-honda-target-escacena-project-southern-spain-302616531.html
11/18/2025	https://www.prnewswire.com/news-releases/pan-global-samples-1-14-gt-gold-over-26-meters-from-near-surface-at-canada-honda-target-escacena-project-southern-spain-302616457.html
11/18/2025	https://www.gx94radio.com/2025/11/17/carney-liberals-narrowly-survive-crucial-budget-vote-preventing-winter-election/
11/18/2025	https://www.dailypost.co.uk/news/cost-of-living/help-up-1700-people-struggling-32889816
11/18/2025	https://www.worcesternews.co.uk/news/25627706.georgina-clarke-hosting-book-launch-waterstones-worcester/
11/18/2025	https://www.express.co.uk/news/uk/2135156/major-supermarkets-evergreen-tree-name
11/18/2025	https://dailypost.ng/2025/11/18/epl-liverpool-arsenal-battle-for-semenyo-amid-65m-release-clause/
11/18/2025	https://www.sentinelandenterprise.com/2025/11/17/venezuela-united-states/
11/18/2025	https://www.timesherald.com/2025/11/17/venezuela-united-states/
11/18/2025	https://isp.netscape.com/news/world/story/0001/20251117/70e6017cdde101d06ebbc15cbb5a44fd
11/18/2025	https://www.abc.net.au/news/2025-11-18/playtime-preschool-broken-hill-enters-voluntary-administration/106021714
11/18/2025	http://www.rightspeak.net/2025/11/new-film-leaves-no-doubt-gavin-newsom.html
11/18/2025	https://www.klkntv.com/we-love-the-immigrants-nebraska-grandparents-protest-mccook-ice-facility/
11/18/2025	https://www.india.com/news/india/ahead-of-putins-visit-to-new-delhi-eam-jaishankar-makes-big-claim-says-india-russia-ready-to-sign-several-new-agreements-and-start-joint-projects-8189375/
11/18/2025	https://www.wfaa.com/article/news/local/arlington-postpones-vote-lgbtq-discrimination-protections/287-50611b6c-52f1-45a7-a89f-1f9c4a27a0f9
11/18/2025	https://khqa.com/news/local/in-a-crisis-now-hannibal-nutrition-center-suspends-in-house-meals-cuts-down-home-meals-area-agency-on-aging-hnc-board-member-steve-carroll-xecutive-director-margee-tucker-senior-citizens
11/18/2025	https://www.wuky.org/wuky-news/2025-11-17/lexington-on-the-cusp-of-moving-forward-with-new-city-hall-deal
11/18/2025	https://indianexpress.com/about/amit-shah/
11/18/2025	https://econews.com.au/welcome-to-the-c2es-cop30-dispatch-series-midweek-summary-sharing-regular-negotiation-updates-from-belem/
11/18/2025	https://www.clickorlando.com/news/world/2025/11/18/un-climate-conference-host-brazil-urges-nations-to-negotiate-and-find-solutions-to-global-warming/
11/18/2025	https://isp.netscape.com/news/world/story/0001/20251118/a64632a868fd0d6f504763f7296d7d0d
11/18/2025	https://www.wdio.com/ap-top-news/un-climate-conference-host-brazil-urges-nations-to-negotiate-and-find-solutions-to-global-warming/
11/18/2025	https://asianews.network/south-korea-pulls-out-of-joint-search-and-rescue-exercise-with-japans-maritime-self-defence-force/
11/18/2025	https://wattsupwiththat.com/2025/11/17/cop30-is-the-worlds-biggest-trade-show/
11/18/2025	https://www.barandbench.com/news/litigation/kerala-moves-supreme-court-to-defer-sir-till-after-local-body-elections-questions-urgency
11/18/2025	https://www.juancole.com/2025/11/never-unresolved-israel.html
11/18/2025	https://jewishpress.com/news/breaking-news/temporary-housing-for-some-gaza-border-residents-to-end/2025/06/29/
11/18/2025	https://www.yahoo.com/news/articles/least-98-palestinians-died-israeli-210739387.html
11/18/2025	https://isp.netscape.com/news/world/story/0001/20251118/505b32527e58d4bd49d5bc917efb4936
11/18/2025	https://www.clickorlando.com/news/politics/2025/11/18/after-years-away-from-washington-saudi-crown-prince-to-get-warm-embrace-from-trump-us-business/
11/18/2025	https://www.wdio.com/ap-top-news/after-years-away-from-washington-saudi-crown-prince-to-get-warm-embrace-from-trump-us-business/
11/18/2025	https://www.clickorlando.com/news/politics/2025/11/18/how-trumps-comments-about-fuentes-and-carlson-could-prolong-a-republican-rift-over-antisemitism/
11/18/2025	https://www.wdio.com/ap-top-news/how-trumps-comments-about-fuentes-and-carlson-could-prolong-a-republican-rift-over-antisemitism/
11/18/2025	https://ktar.com/national-news/how-trumps-comments-about-fuentes-and-carlson-could-prolong-a-republican-rift-over-antisemitism/5778250/
11/18/2025	https://jewishpress.com/news/breaking-news/ben-gvir-permits-jews-to-pray-sing-and-dance-across-temple-mount/2025/06/27/
11/18/2025	https://jewishpress.com/news/jewish-news/antisemitism-news/top-israel-advocates-tell-piers-morgan-never-again/2025/07/01/
11/18/2025	https://www.firstcoastnews.com/article/news/local/tiffanys-felton-jacksonville-mother-found-dead-under-bridge/77-332af9e1-b03f-438a-99f9-d54738ada4a4
11/18/2025	https://www.altoonamirror.com/news/local-news/2025/11/overdose-death-trial-gets-underway-donald-the-rev-dargan/
11/18/2025	https://www.barandbench.com/news/supreme-court-grants-bail-to-ed-officer-accused-of-demanding-bribes
11/18/2025	https://www.klif.com/news/dem-senate-staffer-fired-for-pretending-to-be-an-attorney/
11/18/2025	https://allafrica.com/stories/202511180045.html
11/18/2025	https://visayandailystar.com/32-bacolod-employees-probed-over-gsis-loan-fraud/
11/18/2025	https://stluciastar.com/when-it-comes-to-keeping-us-safe-from-imagined-disasters-pjp-is-still-our-safest-bet/
11/18/2025	https://www.scmp.com/news/hong-kong/politics/article/3333215/hong-kongs-mtr-corp-run-earlier-trains-legco-election-day
11/18/2025	https://www.clickorlando.com/news/politics/2025/11/18/house-expected-to-vote-on-bill-forcing-release-of-jeffrey-epstein-files/
11/18/2025	https://ktar.com/national-news/house-expected-to-vote-on-bill-forcing-release-of-jeffrey-epstein-files/5778254/
11/18/2025	https://www.wdio.com/ap-top-news/house-expected-to-vote-on-bill-forcing-release-of-jeffrey-epstein-files/
11/18/2025	https://www.wkyc.com/article/news/nation-world/house-expected-to-vote-on-bill-forcing-release-of-jeffrey-epstein-files/616-128cb4f6-7601-4b89-85b2-ada666ef161f
11/18/2025	http://www.australianflying.com.au/latest/atsb-sounds-corrosion-warning-after-brake-disc-fracture
11/18/2025	https://www.begadistrictnews.com.au/story/9114109/lachlan-young-sentenced-to-28-years-for-murder-of-hannah-mcguire/
11/18/2025	https://www.westernadvocate.com.au/story/9114109/lachlan-young-sentenced-to-28-years-for-murder-of-hannah-mcguire/
11/18/2025	https://spectator.org/national-review-turns-70/
11/18/2025	http://www.econotimes.com/USSaudi-Investment-Forum-Draws-Top-American-CEOs-During-MBS-Visit-1726242
11/18/2025	https://dailypost.ng/2025/11/18/coas-visits-kebbi-orders-intensified-search-for-25-abducted-schoolgirls/
11/18/2025	https://www.trend.az/balkans/4118831.html
11/18/2025	https://finance.yahoo.com/news/honda-resume-regular-output-n-055208261.html
11/18/2025	https://www.politico.eu/article/totalenergies-accused-complicity-war-crimes-mozambique-container-massacre/
11/18/2025	https://www.prnewswire.com/news-releases/world-vision-celebrates-30-years-of-life-changing-giving-with-the-2025-christmas-gift-catalog-302568128.html
11/18/2025	https://asianews.network/filipino-detainees-describe-life-threatening-neglect-in-ice-facilities/
11/18/2025	https://www.bollywoodlife.com/viral-stories/who-is-talha-anjum-pakistani-rapper-waves-indian-flag-during-concert-3283254/
11/18/2025	https://www.express.co.uk/news/uk/2135155/protests-cameron-barracks-evict-veterans-asylum-seekers-inverness
11/18/2025	https://www.financial-news.co.uk/pastor-james-constables-new-devotional-challenges-believers-to-embrace-the-narrow-way-2/
11/18/2025	https://www.financial-news.co.uk/pastor-james-constables-new-devotional-challenges-believers-to-embrace-the-narrow-way/
11/18/2025	https://www.leadertelegram.com/news/world/photo-essay-portraits-of-workers-keeping-ukraine-out-of-the-dark/article_e22d5226-a502-52d5-97d8-61551daadbdf.html
11/18/2025	https://www.abc10.com/article/news/local/sacramento/daughter-says-father-will-never-be-the-same-as-sacramento-hate-crime-suspect-appears-in-court/103-26871501-17b3-4737-a60c-413c045aff0e
11/18/2025	https://ktar.com/national-news/maryland-more-than-doubles-cost-estimate-on-rebuilding-collapsed-baltimore-bridge/5778174/
11/18/2025	https://www.wbrc.com/2025/11/18/city-leaders-revoke-business-license-massage-parlor-northport/
11/18/2025	https://www.13wmaz.com/article/news/nation-world/diane-ladd-cause-of-death/507-2c4cf504-47a9-4bcf-b82f-7a13c672fc26
11/18/2025	https://www.wkyc.com/article/news/nation-world/diane-ladd-cause-of-death/507-2c4cf504-47a9-4bcf-b82f-7a13c672fc26
11/18/2025	https://www.abc10.com/article/news/nation-world/diane-ladd-cause-of-death/507-2c4cf504-47a9-4bcf-b82f-7a13c672fc26
11/18/2025	https://www.wfaa.com/article/news/nation-world/diane-ladd-cause-of-death/507-2c4cf504-47a9-4bcf-b82f-7a13c672fc26
11/18/2025	https://thepointsguy.com/news/allegiant-30-route-expansion-2026/
11/18/2025	http://www.prnewswire.com/news-releases/chasm-and-terracon-demonstrate-green-concrete-without-the-green-premium-in-kansas-302617827.html
11/18/2025	http://www.thereflector.com/stories/letter-to-the-editor-the-cost-of-ignoring-safety-until-tragedy-strikes
11/18/2025	https://www.dailybulletin.com/2025/11/17/flood-and-snow-advisories-in-place-as-another-storm-hits-southern-california/
11/18/2025	https://www.paloaltoonline.com/santa-clara-county/2025/11/17/craft-coffee-and-tea-spot-dr-ink-expands-to-cupertino/
11/18/2025	https://www.ky3.com/2025/11/17/off-duty-pilot-who-tried-cut-flights-engines-midair-is-released-without-prison-time/
11/18/2025	http://www.econotimes.com/FEMA-Chief-David-Richardson-Steps-Down-Amid-Ongoing-Hurricane-Season-1726255
11/18/2025	https://www.altoonamirror.com/news/local-news/2025/11/bullying-issues-voiced-at-spring-cove-school-board-meeting/
11/18/2025	https://tdn.com/news/local/collection_1856b511-436c-5664-bd4a-6c3e9a0bc4dd.html
11/18/2025	https://www.sentinelandenterprise.com/2025/11/17/trump-mask-lawsuit/
11/18/2025	https://www.timesherald.com/2025/11/17/trump-mask-lawsuit/
11/18/2025	https://www.sentinelandenterprise.com/2025/11/17/federal-enforcement-north-carolina-what-to-know/
11/18/2025	https://www.wfaa.com/article/news/local/5-people-killed-2-vehicle-crash-northwest-fort-worth/287-82026572-f9ac-479b-b3fd-d1cd506f49c8
11/18/2025	https://www.wwltv.com/article/news/state/former-louisiana-house-speaker-booked-for-allegedly-stealing-rare-state-artifact/289-c74e8f50-0d45-463d-a64d-c7d846ee5dfb
11/18/2025	http://www.bignewsnetwork.com/news/278694891/ukraine-faces-blackouts-as-nuclear-company-corruption-scandal-erupts
11/18/2025	https://www.berkshireeagle.com/history/eagle-archives-nov-18-1965-they-went-in-for-a-year-and-stayed-for-a-war/article_828e6279-94fa-4da8-b34e-56166e94cc45.html
11/18/2025	https://www.channelnewsasia.com/world/us-trump-not-ruling-out-sending-troops-venezuela-nicolas-maduro-5473576
11/18/2025	https://asianews.network/vietnamese-scam-ring-accused-of-fracturing-their-own-bones-for-insurance-payouts/
11/18/2025	https://asianews.network/for-pakistan-and-afghanistan-kabul-river-presents-unusual-hydrological-and-diplomatic-twist/
11/18/2025	https://pakobserver.net/kharji-ring-leader-alam-mehsud-among-15-terrorists-killed-in-kp-operations-ispr/
11/18/2025	https://www.bucksfreepress.co.uk/news/25629114.kemi-badenoch-tory-leader-hits-family-farm-tax/
11/18/2025	https://guardian.ng/news/nigeria-joins-25m-global-push-to-curb-methane-super-pollutants/
11/18/2025	https://www.illawarramercury.com.au/story/9114527/commonwealth-bank-boss-reveals-preferred-migration-rate/
11/18/2025	https://www.westernadvocate.com.au/story/9114527/commonwealth-bank-boss-reveals-preferred-migration-rate/
11/18/2025	https://www.theleader.com.au/story/9114527/commonwealth-bank-boss-reveals-preferred-migration-rate/
11/18/2025	https://www.edenmagnet.com.au/story/9114527/commonwealth-bank-boss-reveals-preferred-migration-rate/
11/18/2025	https://www.edenmagnet.com.au/story/9114271/nissans-new-phev-suv-is-its-lamest-rebadge-since-the-ford-falcon-based-ute/
11/18/2025	https://www.westernadvocate.com.au/story/9114271/nissans-new-phev-suv-is-its-lamest-rebadge-since-the-ford-falcon-based-ute/
11/18/2025	https://www.skynews.com.au/australia-news/crime/revolver-upstairs-owners-face-legal-battle-following-vicious-machete-attack-where-man-was-stabbed-13-times/news-story/65ac9eb14025a949c6e6f73218ac5f1e?nk=531279f1815f840d3549e33c91e9003c-1763445735
11/18/2025	https://econews.com.au/how-mandatory-climate-reporting-is-raising-the-bar-for-corporate-leadership/
11/18/2025	https://www.westernadvocate.com.au/story/9114152/chinese-brand-set-to-have-another-crack-at-australian-market-with-new-ute/
11/18/2025	https://www.edenmagnet.com.au/story/9114152/chinese-brand-set-to-have-another-crack-at-australian-market-with-new-ute/
11/18/2025	https://www.edenmagnet.com.au/story/9114181/numbers-game-shopping-scammers-profit-on-sales-craze/
11/18/2025	https://www.westernadvocate.com.au/story/9114181/numbers-game-shopping-scammers-profit-on-sales-craze/
11/18/2025	https://www.westernadvocate.com.au/story/9114216/man-in-critical-condition-after-police-shoot-suspect-in-kanimbla/
11/18/2025	https://www.edenmagnet.com.au/story/9114216/man-in-critical-condition-after-police-shoot-suspect-in-kanimbla/
11/18/2025	https://www.westernadvocate.com.au/story/9113984/customer-dies-after-triple-zero-fails-on-mobile-phone/
11/18/2025	https://www.edenmagnet.com.au/story/9113984/customer-dies-after-triple-zero-fails-on-mobile-phone/
11/18/2025	https://www.euractiv.com/news/eu-split-at-who-meeting-seen-as-test-for-upcoming-tobacco-fight-at-home/
11/18/2025	https://asianews.network/groundwater-depleting-fast-in-bangladeshs-coxs-bazar/
11/18/2025	https://www.7newsbelize.com/sstory.php?nid=76255
11/18/2025	https://www.7newsbelize.com/sstory.php?nid=76247
11/18/2025	https://www.7newsbelize.com/printstory.php?func=print&nid=76250
11/18/2025	https://www.7newsbelize.com/sstory.php?nid=76250
11/18/2025	http://www.bignewsnetwork.com/news/278701007/india-electronics-sector-accelerates-global-expansion-as-ftas-policy-push-boost-manufacturing-momentum-industry-experts
11/18/2025	https://www.newkerala.com/news/o/india-russia-explore-collaboration-shipbuilding-maritime-cooperation-593
11/18/2025	https://www.yahoo.com/news/articles/airlines-claim-passengers-pay-extra-165928090.html
11/18/2025	https://www.wowt.com/2025/11/18/omaha-grain-dealer-hansen-mueller-files-bankruptcy-protection/
11/18/2025	https://www.wbrc.com/2025/11/17/hemp-businesses-express-concern-over-new-federal-restrictions/
11/18/2025	https://marketrealist.com/walmart-return-policy-change/
11/18/2025	https://finance.yahoo.com/news/lesson-2000-shows-could-biggest-034243775.html
11/18/2025	https://www.newburytoday.co.uk/news/kennet-crayfish-company-shares-tricks-of-the-trade-with-newb-9442046/
11/18/2025	https://www.paloaltoonline.com/business/2025/11/17/after-split-with-producer-cal-ave-merchants-plan-new-concert-series/
11/18/2025	https://www.bucksfreepress.co.uk/news/25617556.lightfoots-solicitors-donation-help-charity-launch-hub/
11/18/2025	https://www.bollywoodlife.com/news-gossip/bigg-boss-19-gaurav-khannas-wife-akansha-chamola-to-welcome-baby-soon-astrologer-predicts-3283260/
11/18/2025	https://www.livemint.com/market/ipo/sudeep-pharma-ipo-price-band-set-at-rs-563-593-per-share-check-key-dates-issue-details-more-11763442156749.html
11/18/2025	https://www.forbes.com/sites/michaelhorn/2025/11/18/new-study-business-as-usual-could-doom-dozens-of-new-england-colleges/
11/18/2025	https://asianews.network/workers-safety-comes-first-philippine-daily-inquirer/
11/18/2025	https://www.businesstimes.com.sg/companies-markets/banking-finance/kkr-targets-december-close-second-asia-private-credit-fund
11/18/2025	https://www.afr.com/companies/infrastructure/worley-board-to-face-investor-wrath-over-executive-pay-performance-20251114-p5nfgk
11/18/2025	https://marketrealist.com/will-ai-replace-jobs-with-open-ai/
11/18/2025	http://www.bignewsnetwork.com/news/278701052/humanoid-robot-serves-as-greeter-at-hong-kong-forum
11/18/2025	http://www.econotimes.com/Google-Data-Hub-on-Christmas-Island-Spurs-Renewable-Energy-Push-1726261
11/18/2025	https://independentaustralia.net/politics/politics-display/climate-commitments-crumble-as-anz-and-westpac-bankroll-new-fossil-projects
11/18/2025	https://www.bucksfreepress.co.uk/news/25615911.jersey-boys-wycombe-swan-part-uk-ireland-tour/
11/18/2025	https://www.juancole.com/2025/11/policies-climate-shortage.html
11/18/2025	https://www.india.com/business/this-it-company-cognizant-is-tracking-its-employees-to-be-marked-idle-if-workers-inactive-for-more-than-5-minutes-not-narayan-murthys-infosys-tcs-or-wipro-cognizant-says-employee-tracking-requires-8189432/
11/18/2025	https://www.worcesternews.co.uk/news/25615555.driver-must-pay-new-tyre-hartlebury-nails-spill/
11/18/2025	http://www.prnewswire.com/news-releases/grow-with-xiaomi-powering-the-next-gen-internet-ecosystem-with-ai-302618043.html
11/18/2025	https://www.prnewswire.com/news-releases/more-countries-now-require-tobacco-plain-packaging-and-graphic-health-warnings-on-cigarette-packages-302617777.html
11/18/2025	https://www.gx94radio.com/2025/11/17/murder-suspect-says-assault-sentence-doesnt-matter-next-to-how-he-tortures-himself/
11/18/2025	https://www.scmp.com/news/asia/southeast-asia/article/3333211/singapore-says-yutongs-electric-buses-not-equipped-remote-tech-amid-norway-concerns
11/18/2025	https://www.express.co.uk/news/uk/2135157/uk-troops-warned-against-sensitive-talk-own-army-vehicles-over-china-spying-fears
11/18/2025	http://www.econotimes.com/Asian-Stocks-Retreat-as-Investors-Brace-for-Nvidia-Earnings-and-Rising-Bond-Yields-1726258
11/18/2025	http://www.bignewsnetwork.com/news/278701033/xinhua-commentary-takaichi-toxic-taiwan-rhetoric-rooted-in-pursuit-of-historical-revisionism-reviving-militarism
11/18/2025	https://www.thestar.com.my/lifestyle/travel/2025/11/18/malaysia-to-launch-new-flight-routes-to-china-and-uzbekistan-in-december
11/18/2025	https://asianews.network/china-strongly-condemns-us-330-million-arms-sale-to-taiwan/
11/18/2025	https://www.macombdaily.com/2025/11/17/detroit-archdiocese-is-maintaining-more-buildings-and-sites-than-it-can-sustain-archbishop-says/
11/18/2025	https://names.newkerala.com/meaning/amette.html
11/18/2025	http://www.thereflector.com/stories/old-apostolic-lutheran-church-of-heisson-requests-approval-by-county-to-construct-cemetery
11/18/2025	https://allafrica.com/stories/202511180043.html
11/18/2025	https://www.kake.com/home/two-hospitalized-in-hutchinson-shooting-police-investigating/article_db0bafb6-43c1-44eb-bf3b-fae8b3273756.html
11/18/2025	https://www.skynews.com.au/australia-news/weather/tasmania-rescue-teams-forced-back-as-fierce-winds-and-snow-block-access-to-trapped-bushwalkers/news-story/16bd0cae70937d39cf2bd4968f1d111d?nk=a06ffd023f70773df46bcff374802b29-1763445729
11/18/2025	https://www.hexham-courant.co.uk/news/25623290.investigation-ongoing-anti-social-behaviour-hexham/
11/18/2025	https://www.wflx.com/2025/11/18/active-search-missing-5-year-old-with-autism-port-st-lucie/
11/18/2025	https://www.7newsbelize.com/sstory.php?nid=76257
11/18/2025	https://www.edenmagnet.com.au/story/9114381/stolen-german-shepherd-arnie-found-dead-inside-missing-ute/
11/18/2025	https://www.westernadvocate.com.au/story/9114381/stolen-german-shepherd-arnie-found-dead-inside-missing-ute/
11/18/2025	https://www.euractiv.com/news/czech-president-warns-he-may-refuse-to-appoint-babis-without-conflict-of-interest-solution/
11/18/2025	https://www.7newsbelize.com/sstory.php?nid=76252
11/18/2025	https://visayandailystar.com/p2-7m-shabu-seized-in-dumaguete/
11/18/2025	https://www.wglt.org/2025-11-17/tennessee-judge-blocks-deployment-of-national-guard-in-memphis
11/18/2025	https://www.ualrpublicradio.org/npr-news/2025-11-17/tennessee-judge-blocks-deployment-of-national-guard-in-memphis
11/18/2025	https://ktar.com/national-news/tennessee-judge-blocks-trumps-use-of-national-guard-in-memphis-but-gives-time-for-government-appeal/5778206/
11/18/2025	https://www.ksfr.org/npr-news/2025-11-17/tennessee-judge-blocks-deployment-of-national-guard-in-memphis
11/18/2025	https://www.krwg.org/national-news/2025-11-17/tennessee-judge-blocks-deployment-of-national-guard-in-memphis
11/18/2025	https://www.northernpublicradio.org/2025-11-17/tennessee-judge-blocks-deployment-of-national-guard-in-memphis
11/18/2025	https://isp.netscape.com/news/story/0001/20251117/88524219125b811fe6f558cdbc870dee
11/18/2025	https://www.apr.org/2025-11-17/tennessee-judge-blocks-deployment-of-national-guard-in-memphis
11/18/2025	https://www.clickorlando.com/news/national/2025/11/18/tennessee-judge-blocks-trumps-use-of-national-guard-in-memphis-but-gives-time-for-government-appeal/
11/18/2025	https://www.klcc.org/npr-news/2025-11-17/tennessee-judge-blocks-deployment-of-national-guard-in-memphis
11/18/2025	https://www.wuky.org/npr-news/2025-11-17/tennessee-judge-blocks-deployment-of-national-guard-in-memphis
11/18/2025	https://www.wdiy.org/npr-news/2025-11-17/tennessee-judge-blocks-deployment-of-national-guard-in-memphis
11/18/2025	https://www.tspr.org/npr-news/2025-11-17/tennessee-judge-blocks-deployment-of-national-guard-in-memphis
11/18/2025	https://signalscv.com/2025/11/chp-downed-pole-leads-to-dui-investigation/
11/18/2025	https://www.dailybulletin.com/2025/11/17/chino-police-shoot-injure-man-accused-of-wielding-knife-after-report-of-domestic-violence/
11/18/2025	https://asianews.network/cheap-ai-tools-fuel-teen-driven-rise-in-deepfake-sex-crimes-in-south-korea/
11/18/2025	https://fox23maine.com/newsletter-daily/portland-city-council-votes-against-buying-drone-for-police-department-maine-technology
11/18/2025	https://www.wbrc.com/2025/11/18/city-council-votes-down-retaining-tarrant-police-chief-wendell-major/
11/18/2025	https://www.wdio.com/ap-top-news/how-a-top-new-zealand-police-officers-downfall-provoked-public-fury-and-scrutiny-of-police-powers/
11/18/2025	https://www.clickorlando.com/news/world/2025/11/18/how-a-top-new-zealand-police-officers-downfall-provoked-public-fury-and-scrutiny-of-police-powers/
11/18/2025	https://www.dailybulletin.com/2025/11/17/death-in-jail-of-san-dimas-resident-who-killed-her-wife-with-sword-is-ruled-a-suicide/
11/18/2025	https://www.41nbc.com/update-four-charged-after-shooting-near-tom-hill-sr-boulevard-shopping-center/
11/18/2025	https://www.fox13seattle.com/news/officer-involved-shooting-port-angeles
11/18/2025	https://calgaryherald.com:443/news/stolen-vehicle-investigation-leads-to-discovery-of-hanguns-bullets-fentanyl
11/18/2025	https://english.mathrubhumi.com/news/india/andhra-pradesh-maoist-leader-madvi-hidma-killed-maredumilli-police-encounter-p2yezhtt
11/18/2025	https://www.illawarramercury.com.au/story/9114597/new-sexual-battery-claim-against-sean-diddy-combs/
11/18/2025	https://www.westernadvocate.com.au/story/9114597/new-sexual-battery-claim-against-sean-diddy-combs/
11/18/2025	https://www.begadistrictnews.com.au/story/9114597/new-sexual-battery-claim-against-sean-diddy-combs/
11/18/2025	https://www.edenmagnet.com.au/story/9114597/new-sexual-battery-claim-against-sean-diddy-combs/
11/18/2025	https://www.theleader.com.au/story/9114597/new-sexual-battery-claim-against-sean-diddy-combs/
11/18/2025	https://www.macombdaily.com/2025/11/17/eastpointe-man-arrested-in-fatal-stabbing/
11/18/2025	https://www.fox8live.com/2025/11/18/southeast-louisiana-first-responders-prepare-foggy-morning-commutes/
11/18/2025	https://www.krwg.org/shows/newshour/clip/trump-agenda-immigration-1763420790
11/18/2025	https://ktar.com/national-news/la-county-sheriff-investigating-new-sex-battery-claim-against-sean-diddy-combs/5778267/
11/18/2025	https://www.clickorlando.com/news/national/2025/11/18/la-county-sheriff-investigating-new-sex-battery-claim-against-sean-diddy-combs/
11/18/2025	https://www.rnz.co.nz/news/political/579247/luxon-calls-growing-prisoner-numbers-a-good-thing-as-police-target-slips
11/18/2025	https://www.alternet.org/white-house-high-prices/
11/18/2025	https://www.express.co.uk/news/uk/2135104/i-met-man-who-murdered-my-brother-nick-dawson
11/18/2025	https://kesq.com/news/national-world/cnn-world/2025/11/17/is-the-us-targeting-a-venezuelan-cartel-that-may-not-technically-exist/
11/18/2025	https://ktvz.com/news/national-world/cnn-world/2025/11/17/is-the-us-targeting-a-venezuelan-cartel-that-may-not-technically-exist/
11/18/2025	https://asianews.network/how-india-and-bangladesh-are-reinforcing-each-others-extremes/
11/18/2025	http://www.thereflector.com/stories/battle-ground-council-races-signal-appetite-for-new-voices
11/18/2025	https://www.thesouthafrican.com/news/weather/strong-winds-and-warm-conditions-are-expected-in-western-cape/
11/18/2025	https://alaskapublic.org/news/anchorage/2025-11-17/lafrances-proposed-sales-tax-includes-exemptions-for-gasoline-child-care-and-some-groceries
11/18/2025	https://villagegreennj.com/schools-kids/southorange-maplewood-first-grader-selected-for-njpac-art-exhibit-for-second-consecutive-year/
11/18/2025	https://www.wbrc.com/2025/11/18/longtime-customer-reacts-after-nori-thai-sushi-reports-employees-detained-ice-raid/
11/18/2025	https://www.unionleader.com/opinion/op-eds/karen-liot-hill-user-pays-turnpike-model-is-best-way-to-fix-our-roads/article_a815a160-32c7-4926-9d4b-bac236b57bd8.html
11/18/2025	https://names.newkerala.com/meaning/gresham.html
11/18/2025	https://www.skynews.com.au/lifestyle/travel/australian-jetsetters-beware-the-most-dangerous-us-states-for-solo-travellers-revealed/news-story/726739e51f8f5741f2e4ebffaf0a28cc?nk=40b98d97ea6895603756feaa518ca820-1763445736
11/18/2025	https://realty.economictimes.indiatimes.com/news/industry/allegations-against-mhada-lawyer-spark-controversy-over-girgaum-redevelopment-delays/125400930
11/18/2025	https://www.hrw.org/news/2025/11/17/mali-army-militias-massacre-villagers-in-central-region
11/18/2025	https://www.lex18.com/news/covering-kentucky/fcpss-launch-long-term-financial-efficiency-committee-to-address-budget-challenges
11/18/2025	https://khqa.com/news/local/ralls-county-suspect-in-custody-after-authorities-say-he-led-law-enforcement-on-moped-chase-justin-nichols-hannibal-police-route-o-and-scotts-lane-creek-bed-suspect
11/18/2025	https://www.prnewswire.com/news-releases/the-inner-circle-acknowledges-laura-mannella-rn-as-a-pinnacle-lifetime-member-302617707.html
11/18/2025	https://ktvz.com/news/education/2025/11/17/six-central-oregon-teachers-among-dozens-awarded-creative-educator-grants-by-selco-credit-union/
11/18/2025	https://www.robesonian.com/news/335319/rcc-receives-30k-from-julian-t-pierce-memorial-foundation
11/18/2025	https://jewishpress.com/news/israel/as-israelis-struggle-to-come-home-birthright-evacuates-1500-participants-from-israel/2025/06/18/
11/18/2025	https://1025kiss.com/ixp/178/p/texas-am-new-professor-rules-restrictions/
11/18/2025	https://www.worcesternews.co.uk/news/25629077.university-worcester-secures-2-5m-health-courses/
11/18/2025	https://groundviews.org/2025/11/18/a-conversation-about-childhood-safety-and-the-adults-we-become/
11/18/2025	https://khqa.com/news/local/students-compete-in-entrepreneurship-contest-at-qu-quincy-university-showcasing-innovative-business-ideas-alex-connoyer-skyvision-roger-leenerts-marketing-pitch
11/18/2025	https://ktvz.com/news/2025/11/17/runaway-goat-wrangled-by-officer-mystery-owner-remains/
11/18/2025	https://www.unionleader.com/opinion/op-eds/rep-patricia-cornell-public-dollars-belong-in-public-schools/article_3a2ae0e2-509a-4464-ba0a-99321e618e52.html
11/18/2025	https://www.bomboradyo.com/sandro-marcos-denies-allegations-by-aunt-imee-calls-claims-web-of-lies
11/18/2025	https://www.wflx.com/2025/11/18/residents-push-back-massive-77-acre-development-near-i-95-boca-raton/
11/18/2025	https://www.forbes.com/sites/tianarandall/2025/11/18/meet-susy-oludele-the-braider-behind-the-iconic-zoe-kravitz-braids-and-beyoncs-lemonade-braids/
11/18/2025	https://www.nyasatimes.com/french-embassy-launches-creation-africa-2-to-boost-cultural-entrepreneurship/
11/18/2025	https://www.worcesternews.co.uk/news/25629110.mfg-solicitors-disabled-people-can-buy-home/
11/18/2025	https://www.dailypost.co.uk/news/cost-of-living/old-uk-penny-coins-could-32890994
11/18/2025	https://www.hampshirechronicle.co.uk/news/25619567.cost-enter-hampshires-mayoral-election-undemocratic/
11/18/2025	https://www.walesonline.co.uk/news/health/alert-four-symptoms-wont-go-32890104
11/18/2025	https://www.dailypost.co.uk/news/north-wales-news/speed-limit-enforcement-threshold-update-32886088
11/18/2025	https://www.wbrc.com/2025/11/18/birmingham-police-ask-help-locating-missing-woman/
11/18/2025	https://www.wrdw.com/2025/11/18/north-augusta-council-advances-land-annexation-approves-fiber-internet-deal/
11/18/2025	https://visayandailystar.com/encouraging-reassuring-guv-on-pbbm-visit-to-typhoon-hit-areas/
11/18/2025	https://www.clickorlando.com/news/local/2025/11/18/case-closed-plane-crashes-on-roadside-in-southern-brevard-county/
11/18/2025	https://realty.economictimes.indiatimes.com/news/infrastructure/delhi-government-lifts-ban-on-power-connections-to-properties-booked-for-unauthorised-construction/125401257
11/18/2025	https://www.livemint.com/mint-lounge/ideas/women-in-leadership-boardroom-diversity-social-impact-corporate-governance-india-11763444408917.html
11/18/2025	https://independentaustralia.net/politics/politics-display/canberra-sidesteps-transparency-by-leaving-thousands-of-visas-off-the-books
11/18/2025	https://www.illawarramercury.com.au/story/9114338/bluescope-ceo-fronts-agm-the-day-after-young-workers-death/
11/18/2025	https://www.altoonamirror.com/life/2025/11/finishing-touches-5/
11/18/2025	https://www.krwg.org/shows/newshour/clip/trump-agenda-housing-1763420741
11/18/2025	https://www.lex18.com/politics/the-president/npr-can-use-federal-funds-while-lawsuit-against-trumps-public-media-cuts-continues
11/18/2025	https://www.krtv.com/politics/the-president/npr-can-use-federal-funds-while-lawsuit-against-trumps-public-media-cuts-continues
11/18/2025	https://www.dailybulletin.com/2025/11/17/steve-smith-proposition-36-will-work-if-given-a-chance/
11/18/2025	https://spectator.org/the-snap-reset-too-long-in-coming-is-a-happy-accident-of-the-schumer-shutdown/
11/18/2025	https://scroll.in/article/1088455/the-outlaw-still-hides-at-home-rethinking-keralas-poverty-debate
11/18/2025	https://www.wkyc.com/article/news/investigations/3news-investigates-akron-police-spokesman-sues-department-alleging-racial-bias-promotions/95-cb858cef-88c5-4598-990b-9f2d799afacf
11/18/2025	http://www.rightspeak.net/2025/11/icymi-illegal-aliens-milk-snap-for.html
11/18/2025	https://isp.netscape.com/news/world/story/0001/20251117/25214d708796404afcd3f281fbcb4a1d
11/18/2025	https://www.bworldonline.com/world/2025/11/18/712942/vietnam-to-prosecute-journalist-for-anti-state-activities/
11/18/2025	https://www.thesouthafrican.com/news/weather/kwazulu-natal-set-for-widespread-showers/
11/18/2025	https://www.nyasatimes.com/nbm-plc-injects-k75-5-million-into-ictam-innovation-jam/
11/18/2025	https://visayandailystar.com/philsutech-sets-technical-training-schedule/
11/18/2025	https://www.newscentralasia.net/2025/11/18/vice-president-for-medical-activities-of-the-charity-fund-for-providing-assistance-to-children-in-need-of-guardianship-named-after-gurbanguly-berdimuhamedov-met-with-the-unicef-representative-in-turkm/
11/18/2025	https://www.skynews.com.au/world-news/united-states/un-security-council-endorses-donald-trumps-gaza-peace-plan-paving-the-way-for-deployment-of-peacekeepers/news-story/e3ab91cc432ca882e61426a9d3215153?nk=f829551305c74690f8c26443f082134e-1763445718
11/18/2025	https://www.newkerala.com/news/o/bengal-sir-four-member-eci-team-review-progress-2nd-visit-338
11/18/2025	https://jewishpress.com/news/breaking-news/thinking-its-for-israel-activists-destroy-1m-in-ukraine-aid/2025/06/30/
11/18/2025	https://www.bworldonline.com/world/2025/11/18/712874/un-security-council-adopts-us-resolution-on-trumps-gaza-plan/
11/18/2025	https://www.klif.com/news/gop-unites-behind-epstein-bill-after-trump-backs-it/
11/18/2025	https://www.juancole.com/2025/11/genesis-israeli-apartheid.html
11/18/2025	https://www.sentinelandenterprise.com/2025/11/17/tsa-workers-at-logan-airport-receive-10k-bonuses-after-government-shutdown/
11/18/2025	https://dailypost.ng/2025/11/18/zulum-urges-military-to-launch-major-offensive-on-boko-haram-iswap/
11/18/2025	https://www.newscentralasia.net/2025/11/18/vice-president-for-medical-activities-of-the-charity-fund-for-providing-assistance-to-children-in-need-of-guardianship-named-after-gurbanguly-berdimuhamedov-met-with-the-ambassador-of-pakistan-to-turk/
11/18/2025	https://dailypost.ng/2025/11/18/atiku-condemns-killing-of-brig-gen-musa-knocks-tinubu-govt/
11/18/2025	https://jewishpress.com/news/israel/roman-era-papyrus-unveils-tax-evasion-and-slave-trade-scam/2025/01/29/
11/18/2025	https://www.edenmagnet.com.au/story/9114540/judge-blocks-trumps-use-of-national-guard-in-memphis/
11/18/2025	https://www.klcc.org/news-briefs/2025-11-17/state-commission-dismisses-ethics-case-against-former-university-of-oregon-journalism-school-dean
11/18/2025	https://www.klif.com/news/trump-sues-california-over-mask-ban-for-federal-agents/
11/18/2025	http://www.econotimes.com/US-Signals-Possible-Military-Escalation-in-Venezuela-as-Trump-Keeps-All-Options-Open-1726230
11/18/2025	https://www.fukuoka-now.com/en/news/bird-flu-detected-in-wild-bird-in-kitakyushu/
11/18/2025	http://www.econotimes.com/Carney-Narrowly-Wins-Crucial-Budget-Vote-as-Canadian-Parliament-Moves-Forward-1726236
11/18/2025	https://dailypost.ng/2025/11/18/northern-elders-call-for-sustained-military-action-to-end-banditry-in-zamfara/
11/18/2025	https://www.worcesternews.co.uk/news/25627145.former-debenhams-first-look-vision-kula-revamp-revealed/
11/18/2025	https://asianews.network/childcare-centres-closing-in-parts-of-malaysia-including-kuala-lumpur-despite-rising-demand/
11/18/2025	https://www.bworldonline.com/health/2025/11/18/712928/group-pushes-more-child-life-services-in-phl-hospitals/
11/18/2025	https://www.thejakartapost.com/opinion/2025/11/18/asean-strengthens-southern-solidarity.html
11/18/2025	https://asianews.network/southeast-asian-flavors-shine-at-asean-trade-fair-in-korea/
11/18/2025	https://www.euractiv.com/news/un-security-council-votes-for-international-force-for-gaza/
11/18/2025	https://www.barandbench.com/news/litigation/lack-of-members-may-shut-down-ngt-bar-association-moves-supreme-court
11/18/2025	https://www.newkerala.com/news/o/shweta-tripathi-ali-fazals-commitment-made-me-realise-staying-225
11/18/2025	https://www.barandbench.com/news/lokpal-cannot-order-probe-against-public-servants-without-hearing-them-delhi-high-court
11/18/2025	https://names.newkerala.com/meaning/allonia.html
11/18/2025	https://www.bbc.com/news/articles/cx243vdk8e0o
11/18/2025	https://malawifreedomnetwork.com/2025/11/18/japan-commits-to-supporting-expansion-of-m1-road-from-malangalanga-to-nathenje/
11/18/2025	https://www.nationalmemo.com/paul-ingrassia-2674304069
11/18/2025	https://www.india.com/entertainment/karisma-kapoors-children-challenge-sunjay-kapurs-will-claim-his-signature-is-fake-hc-notifies-priya-sachdev-to-reply-8189693/
11/18/2025	https://www.worcesternews.co.uk/news/25628723.fiat-owner-hit-1-000-bill-snubbing-police/
11/18/2025	https://jewishpress.com/news/us-news/boulder-mourns-beloved-holocaust-survivor-killed-in-antisemitic-firebomb-attack/2025/06/30/
11/18/2025	https://www.forbes.com/sites/krisholt/2025/11/17/nyt-mini-crossword-today-extra-hints-answers-tuesday-november-18-alternative-rock-band-yankee-hotel-foxtrot-kagan-supreme-court-fruit-company-lanai/
11/18/2025	https://www.wkyc.com/article/news/nation-world/will-snap-recipients-have-to-reapply-for-benefits/507-66590552-2421-450f-9ac9-f7985827a18a
11/18/2025	https://www.abc10.com/article/news/nation-world/will-snap-recipients-have-to-reapply-for-benefits/507-66590552-2421-450f-9ac9-f7985827a18a
11/18/2025	https://www.13wmaz.com/article/news/nation-world/will-snap-recipients-have-to-reapply-for-benefits/507-66590552-2421-450f-9ac9-f7985827a18a
11/18/2025	https://www.wfaa.com/article/news/nation-world/will-snap-recipients-have-to-reapply-for-benefits/507-66590552-2421-450f-9ac9-f7985827a18a
11/18/2025	https://www.livemint.com/news/trends/man-goes-viral-after-offering-free-honeymoon-tickets-post-breakup-don-t-ever-date-gurugram-girls-11763442865891.html
11/18/2025	https://wccftech.com/samsung-galaxy-s26-margins-padded-exynos-2600-to-be-priced-at-a-20-30-discount-to-the-snapdragon-8-elite-gen-5/
11/18/2025	https://fox23maine.com/newsletter-daily/maine-launches-online-renewal-system-for-real-ids-bureau-motor-vehicles
11/18/2025	https://abc30.com/post/state-center-federation-teachers-votes-unanimously-dismiss-scccd-chancellor-dr-carole-goldsmith/18167993/
11/18/2025	https://www.klkntv.com/you-try-to-avoid-the-area-improvements-coming-to-northeast-lincoln-railroad-crossing/
11/18/2025	https://www.krwg.org/shows/newshour/clip/epstein-files-1763420852
11/18/2025	https://www.scmp.com/week-asia/politics/article/3333178/what-bjps-dominance-means-indias-democracy-and-fragmented-opposition
11/18/2025	http://www.rightspeak.net/2025/11/137-c-clashes-in-f-line-34-in-pokrovsk.html
11/18/2025	https://ktar.com/arizona-election-articles/secure-elections-act/5778109/
11/18/2025	https://www.7newsbelize.com/sstory.php?nid=76253
11/18/2025	https://www.7newsbelize.com/printstory.php?func=print&nid=76253
11/18/2025	https://www.bucksfreepress.co.uk/news/25627132.buckinghamshire-glamping-site-named-among-best-uk/
11/18/2025	https://www.mamamia.com.au/sex-talk-long-term-relationships/
11/18/2025	https://www.mamamia.com.au/celebrity-makeup-tips-for-women/
11/18/2025	https://www.townsvillebulletin.com.au/health/mental-health/social-media-detox-what-happened-when-we-quit-instagram-tiktok-and-scrolling-for-two-weeks/news-story/02559698ad470d5c19e63590531f1fc2?nk=403f3a467dda056a862c39559328c3dc-1763445724
11/18/2025	https://ktvz.com/stacker-lifestyle/2025/11/17/how-to-say-sorry-so-your-cat-actually-gets-it/
11/18/2025	https://centreforaviation.com/news/malawi-airlines-to-commence-lilongwe-johannesburg-and-lilongwe-entebbe-services-in-dec-2025-1339389
11/18/2025	https://abc7.com/post/california-national-guard-troops-deployed-portland-oregon-are-being-sent-home/18168056/
11/18/2025	https://www.thestar.com.my/business/business-news/2025/11/18/broad-based-weakness-drags-fbm-klci-lower-at-midday
11/18/2025	https://www.themarketsdaily.com/2025/11/18/invesco-treasury-collateral-etf-nysearcacltl-trading-up-0-should-you-buy.html
11/18/2025	https://www.tickerreport.com/banking-finance/13252753/invesco-zacks-mid-cap-etf-nysearcacza-stock-price-down-1-6-heres-why.html
11/18/2025	https://www.maravipost.com/chakweras-press-briefing-falls-short-of-national-expectations/
11/18/2025	https://aliran.com/media-statements/justice-for-kampung-papan-stop-forced-evictions-free-those-detained
11/18/2025	https://www.themarketsdaily.com/2025/11/18/abn-amro-bank-otcmktsabmrf-shares-up-5-8-still-a-buy.html
11/18/2025	https://thehimalayantimes.com/opinion/nepals-logistics-ecosystem-challenges-realities-and-the-way-forward
11/18/2025	https://www.heraldextra.com/news/2025/nov/17/devastating-blaze-large-fire-burns-down-family-owned-honey-farm-near-american-fork/
11/18/2025	https://tribune.com.pk/story/2577982/ai-traffic-fines-stir-backlash
11/18/2025	https://www.bworldonline.com/health/2025/11/18/712900/rise-in-type-2-diabetes-cases-seen-among-young-filipinos/
11/18/2025	https://www.bworldonline.com/breaking-news/2025/11/18/712936/google-pay-now-available-in-the-philippines/
11/18/2025	https://www.bworldonline.com/spotlight/2025/11/18/712892/filipino-wellness-brand-luxe-slim-brings-a-healthy-lifestyle-to-dubai/
11/18/2025	https://www.afr.com/companies/financial-services/inside-a-russian-crypto-guru-s-hollywood-gambit-20251112-p5newf
11/18/2025	http://www.bignewsnetwork.com/news/278701061/ex-russian-pm-designated-as-terrorist
11/18/2025	https://aliran.com/civil-society-voices/see-my-heart-a-song-of-love-hope-and-forgiveness-in-memory-of-pannir-selvam
11/18/2025	https://www.newscentralasia.net/2025/11/18/the-harvest-of-peace-turkmenistans-neutrality-as-a-model-for-global-food-security/
11/18/2025	https://carrollspaper.com/news/national/shares-in-baby-shark-studio-jump-on-market-debut/article_58e974d6-2237-5a1b-b9ea-3f33885e8b8e.html
11/18/2025	https://www.youralaskalink.com/news/national/shares-in-baby-shark-studio-jump-on-market-debut/article_82a8b89b-92f1-5e9f-a2b1-294fd9c1412a.html
11/18/2025	https://www.timesheraldonline.com/2025/11/17/vallejo-city-council-to-address-broadway-project-homeless-facility-tuesday/
11/18/2025	https://spectator.org/the-gops-2026-challenge/
11/18/2025	https://www.klif.com/news/gov-braun-to-newsmax-ind-republicans-slow-walking-the-maps/
11/18/2025	https://ktvz.com/news/national-world/cnn-national/2025/11/17/the-cost-to-rebuild-baltimores-key-bridge-more-than-doubles-as-reopening-is-delayed/
11/18/2025	https://kesq.com/news/national-world/cnn-national/2025/11/17/the-cost-to-rebuild-baltimores-key-bridge-more-than-doubles-as-reopening-is-delayed/
11/18/2025	https://www.alternet.org/trump-epstein-maga-split/
11/18/2025	https://www.kake.com/home/parents-concerned-after-wichita-schools-restructure-native-american-education-program/article_caebddbe-c7eb-4bf2-a361-1fffda47ed27.html
11/18/2025	https://fox23maine.com/newsletter-daily/thieves-caught-on-camera-stealing-copper-pipe-from-bailey-island-gift-shop-maine-propane-leack
11/18/2025	https://fox23maine.com/newsletter-daily/maine-library-commission-considers-plan-to-require-library-directors-to-be-paid
11/18/2025	https://www.youralaskalink.com/homepage/lawsuit-challenges-mulchatna-predator-control-program/article_f5f60dae-1355-4cfb-94be-03dbb2faabde.html
11/18/2025	https://www.13wmaz.com/article/news/local/warner-robins/warner-robins-renews-ptsd-coverage-for-first-responders-council/93-c505ed7b-38a2-41ee-a8c5-8ea46e0d2d10
11/18/2025	https://www.kitv.com/news/business/first-ever-josh-groban-concert-in-hawaii-locals-get-first-dibs-on-tickets/article_cb6145c0-870f-435b-8cbe-97fd30f183bd.html
11/18/2025	https://www.sentinelandenterprise.com/2025/11/17/trump-epa-water-rule/
11/18/2025	https://953wdae.iheart.com/content/2025-11-18-lightning-vs-devils-time-tv-live-stream-11182025/
11/18/2025	https://www.nationalmemo.com/drug-prices
11/18/2025	http://www.thereflector.com/stories/washington-state-tumbles-to-no-45-in-2026-state-tax-competitiveness-index
11/18/2025	https://www.villagevoice.com/five-fingers-of-death-offered-a-fantasy-escape-from-the-daily-pressures-of-1973/
11/18/2025	https://kesq.com/news/california/2025/11/17/man-sentenced-16-months-for-role-in-deadly-human-smuggling-attempt/
11/18/2025	https://norfolkdailynews.com/news/tenants-displaced-following-apartment-fire-in-wayne/article_68735a76-147e-4a39-afb0-279cdc85d37e.html
11/18/2025	https://www.fox13seattle.com/news/30-years-family-tanya-frazier
11/18/2025	http://www.bignewsnetwork.com/news/278700185/samsung-korean-firms-boost-home-investment-after-us-tariff-deal
11/18/2025	https://www.abc10.com/article/news/politics/buying-a-home-is-something-we-cant-do-advocates-sound-alarm-bells-for-affordable-housing-in-california/103-6313f966-5e00-495b-95fd-143178899f38
11/18/2025	https://ktar.com/arizona-news/glendale-without-power-car-crash/5778240/
11/18/2025	https://fox23maine.com/newsletter-daily/maine-doctors-advise-getting-flu-vaccine-as-new-strain-spreads-across-world-mainehealth